<?xml version="1.0" encoding="UTF-8"?>

<Bundle xmlns="http://hl7.org/fhir">
  <id value="Instance-miramedix-mosreg-bundle-notify-1"/>
  <meta>
    <profile value="http://miramedix.ru/fhir/StructureDefinition/miramedix-mosreg-bundle-notify"/>
  </meta>
  <type value="collection"/>
  <entry>
    <fullUrl value="urn:uuid:fbbd9cdb-5114-49af-82bd-8f08592f4259"/>
    <resource>
      <MessageHeader>
        <id value="fbbd9cdb-5114-49af-82bd-8f08592f4259"/>
        <meta>
          <profile value="http://miramedix.ru/fhir/StructureDefinition/miramedix-mosreg-messageheader-notify"/>
        </meta>
        <text>
          <status value="generated"/><div xmlns="http://www.w3.org/1999/xhtml"><p><b>Generated Narrative</b></p><p><b>event</b>: <span title="{http://miramedix.ru/fhir/CodeSystem/miramedix-cs-event-type protocol-oc-ready}">Протокол ОК готов для скачивания</span></p><h3>Destinations</h3><table class="grid"><tr><td>-</td><td><b>Name</b></td><td><b>Endpoint</b></td></tr><tr><td>*</td><td>МИС</td><td><a href="https://softrust.ru/">https://softrust.ru/</a></td></tr></table><h3>Sources</h3><table class="grid"><tr><td>-</td><td><b>Name</b></td><td><b>Endpoint</b></td></tr><tr><td>*</td><td>Сервис ОК</td><td><a href="https://miramedix.ru/">https://miramedix.ru/</a></td></tr></table><p><b>focus</b>: <a href="#DocumentManifest_f4309c2e-1800-43ac-85d6-1f026432efd3">See above (DocumentManifest/f4309c2e-1800-43ac-85d6-1f026432efd3)</a></p></div>
        </text>
        <eventCoding>
          <system value="http://miramedix.ru/fhir/CodeSystem/miramedix-cs-event-type"/>
          <code value="protocol-oc-ready"/>
          <display value="Протокол ОК готов для скачивания"/>
        </eventCoding>
        <destination>
          <name value="МИС"/>
          <endpoint value="https://softrust.ru/"/>
        </destination>
        <source>
          <name value="Сервис ОК"/>
          <endpoint value="https://miramedix.ru/"/>
        </source>
        <focus>
          <reference value="DocumentManifest/f4309c2e-1800-43ac-85d6-1f026432efd3"/>
        </focus>
      </MessageHeader>
    </resource>
  </entry>
  <entry>
    <fullUrl value="urn:uuid:f4309c2e-1800-43ac-85d6-1f026432efd3"/>
    <resource>
      <DocumentManifest>
        <id value="f4309c2e-1800-43ac-85d6-1f026432efd3"/>
        <meta>
          <profile value="http://miramedix.ru/fhir/StructureDefinition/miramedix-mosreg-documentmanifest"/>
        </meta>
        <text>
          <status value="generated"/><div xmlns="http://www.w3.org/1999/xhtml"><p><b>Generated Narrative</b></p><p><b>status</b>: current</p><p><b>subject</b>: <span></span></p><p><b>content</b>: </p><ul><li><a href="06c621d4-19ae-4804-8019-4e3b93497e98">Протокол онкологического консилиума [PDF]</a></li><li><a href="cb1756a3-8bf6-4c47-b098-8778c31d237f">Протокол онкологического консилиума [FHIR]</a></li></ul></div>
        </text>
        <status value="current"/>
        <subject>
          <identifier>
            <system value="urn:oid:1.2.643.100.3"/>
            <value value="123-456-789 09"/>
          </identifier>
        </subject>
        <content>
          <reference value="06c621d4-19ae-4804-8019-4e3b93497e98"/>
          <type value="DocumentReference"/>
          <display value="Протокол онкологического консилиума [PDF]"/>
        </content>
        <content>
          <reference value="cb1756a3-8bf6-4c47-b098-8778c31d237f"/>
          <type value="Composition"/>
          <display value="Протокол онкологического консилиума [FHIR]"/>
        </content>
      </DocumentManifest>
    </resource>
  </entry>
</Bundle>