{
  "resourceType": "CodeSystem",
  "id": "nsi-cs-1-2-643-5-1-13-13-11-1077",
  "text": {
    "status": "generated",
    "div": "<div xmlns=\"http://www.w3.org/1999/xhtml\"><p>This code system https://nsi.rosminzdrav.ru/#!/refbook/1.2.643.5.1.13.13.11.1077 defines the following codes:</p><table class=\"codes\"><tr><td style=\"white-space:nowrap\"><b>Code</b></td><td><b>Display</b></td></tr><tr><td style=\"white-space:nowrap\">1<a name=\"nsi-cs-1-2-643-5-1-13-13-11-1077-1\"> </a></td><td>Основное заболевание</td></tr><tr><td style=\"white-space:nowrap\">2<a name=\"nsi-cs-1-2-643-5-1-13-13-11-1077-2\"> </a></td><td>Осложнение основного заболевания</td></tr><tr><td style=\"white-space:nowrap\">3<a name=\"nsi-cs-1-2-643-5-1-13-13-11-1077-3\"> </a></td><td>Сопутствующее заболевание</td></tr><tr><td style=\"white-space:nowrap\">4<a name=\"nsi-cs-1-2-643-5-1-13-13-11-1077-4\"> </a></td><td>Конкурирующее заболевание</td></tr><tr><td style=\"white-space:nowrap\">5<a name=\"nsi-cs-1-2-643-5-1-13-13-11-1077-5\"> </a></td><td>Внешние причины заболеваемости и смертности</td></tr><tr><td style=\"white-space:nowrap\">6<a name=\"nsi-cs-1-2-643-5-1-13-13-11-1077-6\"> </a></td><td>Фоновое заболевание</td></tr><tr><td style=\"white-space:nowrap\">7<a name=\"nsi-cs-1-2-643-5-1-13-13-11-1077-7\"> </a></td><td>Осложнение сопутствующего заболевания</td></tr></table></div>"
  },
  "url": "https://nsi.rosminzdrav.ru/#!/refbook/1.2.643.5.1.13.13.11.1077",
  "identifier": [
    {
      "system": "urn:ietf:rfc:3986",
      "value": "urn:oid:1.2.643.5.1.13.13.11.1077"
    }
  ],
  "version": "1.3",
  "name": "Nsi_cs_1_2_643_5_1_13_13_11_1077",
  "title": "Виды нозологических единиц диагноза",
  "status": "active",
  "date": "2021-10-20T13:42:04+03:00",
  "contact": [
    {
      "name": "см. паспорт справочника на ФНСИ",
      "telecom": [
        {
          "system": "email",
          "value": "см. паспорт справочника на ФНСИ"
        }
      ]
    }
  ],
  "description": "Справочник ФНСИ:  \n'Виды нозологических единиц диагноза'  \nверсия '1.3'  \n[1.2.643.5.1.13.13.11.1077](https://nsi.rosminzdrav.ru/#!/refbook/1.2.643.5.1.13.13.11.1077/version/1.3)",
  "content": "complete",
  "count": 7,
  "concept": [
    {
      "code": "1",
      "display": "Основное заболевание"
    },
    {
      "code": "2",
      "display": "Осложнение основного заболевания"
    },
    {
      "code": "3",
      "display": "Сопутствующее заболевание"
    },
    {
      "code": "4",
      "display": "Конкурирующее заболевание"
    },
    {
      "code": "5",
      "display": "Внешние причины заболеваемости и смертности"
    },
    {
      "code": "6",
      "display": "Фоновое заболевание"
    },
    {
      "code": "7",
      "display": "Осложнение сопутствующего заболевания"
    }
  ]
}