<?xml version="1.0" encoding="UTF-8"?>

<CodeSystem xmlns="http://hl7.org/fhir">
  <id value="nsi-cs-1-2-643-5-1-13-13-11-1066"/>
  <text>
    <status value="generated"/><div xmlns="http://www.w3.org/1999/xhtml"><p>This code system https://nsi.rosminzdrav.ru/#!/refbook/1.2.643.5.1.13.13.11.1066 defines the following codes:</p><table class="codes"><tr><td style="white-space:nowrap"><b>Code</b></td><td><b>Display</b></td></tr><tr><td style="white-space:nowrap">0<a name="nsi-cs-1-2-643-5-1-13-13-11-1066-0"> </a></td><td>Врачебные специальности</td></tr><tr><td style="white-space:nowrap">1<a name="nsi-cs-1-2-643-5-1-13-13-11-1066-1"> </a></td><td>Лечебное дело</td></tr><tr><td style="white-space:nowrap">2<a name="nsi-cs-1-2-643-5-1-13-13-11-1066-2"> </a></td><td>Медико-профилактическое дело</td></tr><tr><td style="white-space:nowrap">3<a name="nsi-cs-1-2-643-5-1-13-13-11-1066-3"> </a></td><td>Стоматология</td></tr><tr><td style="white-space:nowrap">4<a name="nsi-cs-1-2-643-5-1-13-13-11-1066-4"> </a></td><td>Фармация</td></tr><tr><td style="white-space:nowrap">5<a name="nsi-cs-1-2-643-5-1-13-13-11-1066-5"> </a></td><td>Сестринское дело</td></tr><tr><td style="white-space:nowrap">6<a name="nsi-cs-1-2-643-5-1-13-13-11-1066-6"> </a></td><td>Медицинская биохимия</td></tr><tr><td style="white-space:nowrap">7<a name="nsi-cs-1-2-643-5-1-13-13-11-1066-7"> </a></td><td>Медицинская биофизика</td></tr><tr><td style="white-space:nowrap">8<a name="nsi-cs-1-2-643-5-1-13-13-11-1066-8"> </a></td><td>Акушерство и гинекология</td></tr><tr><td style="white-space:nowrap">9<a name="nsi-cs-1-2-643-5-1-13-13-11-1066-9"> </a></td><td>Анестезиология-реаниматология</td></tr><tr><td style="white-space:nowrap">10<a name="nsi-cs-1-2-643-5-1-13-13-11-1066-10"> </a></td><td>Дерматовенерология</td></tr><tr><td style="white-space:nowrap">11<a name="nsi-cs-1-2-643-5-1-13-13-11-1066-11"> </a></td><td>Детская хирургия</td></tr><tr><td style="white-space:nowrap">12<a name="nsi-cs-1-2-643-5-1-13-13-11-1066-12"> </a></td><td>Генетика</td></tr><tr><td style="white-space:nowrap">13<a name="nsi-cs-1-2-643-5-1-13-13-11-1066-13"> </a></td><td>Клиническая лабораторная диагностика</td></tr><tr><td style="white-space:nowrap">14<a name="nsi-cs-1-2-643-5-1-13-13-11-1066-14"> </a></td><td>Неврология</td></tr><tr><td style="white-space:nowrap">15<a name="nsi-cs-1-2-643-5-1-13-13-11-1066-15"> </a></td><td>Неонатология</td></tr><tr><td style="white-space:nowrap">16<a name="nsi-cs-1-2-643-5-1-13-13-11-1066-16"> </a></td><td>Общая врачебная практика (семейная медицина)</td></tr><tr><td style="white-space:nowrap">17<a name="nsi-cs-1-2-643-5-1-13-13-11-1066-17"> </a></td><td>Онкология</td></tr><tr><td style="white-space:nowrap">18<a name="nsi-cs-1-2-643-5-1-13-13-11-1066-18"> </a></td><td>Организация здравоохранения и общественное здоровье</td></tr><tr><td style="white-space:nowrap">19<a name="nsi-cs-1-2-643-5-1-13-13-11-1066-19"> </a></td><td>Оториноларингология</td></tr><tr><td style="white-space:nowrap">20<a name="nsi-cs-1-2-643-5-1-13-13-11-1066-20"> </a></td><td>Офтальмология</td></tr><tr><td style="white-space:nowrap">21<a name="nsi-cs-1-2-643-5-1-13-13-11-1066-21"> </a></td><td>Патологическая анатомия</td></tr><tr><td style="white-space:nowrap">22<a name="nsi-cs-1-2-643-5-1-13-13-11-1066-22"> </a></td><td>Педиатрия</td></tr><tr><td style="white-space:nowrap">23<a name="nsi-cs-1-2-643-5-1-13-13-11-1066-23"> </a></td><td>Психиатрия</td></tr><tr><td style="white-space:nowrap">24<a name="nsi-cs-1-2-643-5-1-13-13-11-1066-24"> </a></td><td>Рентгенология</td></tr><tr><td style="white-space:nowrap">25<a name="nsi-cs-1-2-643-5-1-13-13-11-1066-25"> </a></td><td>Скорая медицинская помощь</td></tr><tr><td style="white-space:nowrap">26<a name="nsi-cs-1-2-643-5-1-13-13-11-1066-26"> </a></td><td>Судебно-медицинская экспертиза</td></tr><tr><td style="white-space:nowrap">27<a name="nsi-cs-1-2-643-5-1-13-13-11-1066-27"> </a></td><td>Терапия</td></tr><tr><td style="white-space:nowrap">28<a name="nsi-cs-1-2-643-5-1-13-13-11-1066-28"> </a></td><td>Травматология и ортопедия</td></tr><tr><td style="white-space:nowrap">29<a name="nsi-cs-1-2-643-5-1-13-13-11-1066-29"> </a></td><td>Фтизиатрия</td></tr><tr><td style="white-space:nowrap">30<a name="nsi-cs-1-2-643-5-1-13-13-11-1066-30"> </a></td><td>Хирургия</td></tr><tr><td style="white-space:nowrap">31<a name="nsi-cs-1-2-643-5-1-13-13-11-1066-31"> </a></td><td>Эндокринология</td></tr><tr><td style="white-space:nowrap">32<a name="nsi-cs-1-2-643-5-1-13-13-11-1066-32"> </a></td><td>Инфекционные болезни</td></tr><tr><td style="white-space:nowrap">33<a name="nsi-cs-1-2-643-5-1-13-13-11-1066-33"> </a></td><td>Ультразвуковая диагностика</td></tr><tr><td style="white-space:nowrap">34<a name="nsi-cs-1-2-643-5-1-13-13-11-1066-34"> </a></td><td>Физиотерапия</td></tr><tr><td style="white-space:nowrap">35<a name="nsi-cs-1-2-643-5-1-13-13-11-1066-35"> </a></td><td>Функциональная диагностика</td></tr><tr><td style="white-space:nowrap">36<a name="nsi-cs-1-2-643-5-1-13-13-11-1066-36"> </a></td><td>Эндоскопия</td></tr><tr><td style="white-space:nowrap">37<a name="nsi-cs-1-2-643-5-1-13-13-11-1066-37"> </a></td><td>Токсикология</td></tr><tr><td style="white-space:nowrap">38<a name="nsi-cs-1-2-643-5-1-13-13-11-1066-38"> </a></td><td>Трансфузиология</td></tr><tr><td style="white-space:nowrap">40<a name="nsi-cs-1-2-643-5-1-13-13-11-1066-40"> </a></td><td>Клиническая микология</td></tr><tr><td style="white-space:nowrap">41<a name="nsi-cs-1-2-643-5-1-13-13-11-1066-41"> </a></td><td>Детская онкология</td></tr><tr><td style="white-space:nowrap">42<a name="nsi-cs-1-2-643-5-1-13-13-11-1066-42"> </a></td><td>Детская урология - андрология</td></tr><tr><td style="white-space:nowrap">43<a name="nsi-cs-1-2-643-5-1-13-13-11-1066-43"> </a></td><td>Колопроктология</td></tr><tr><td style="white-space:nowrap">44<a name="nsi-cs-1-2-643-5-1-13-13-11-1066-44"> </a></td><td>Нейрохирургия</td></tr><tr><td style="white-space:nowrap">45<a name="nsi-cs-1-2-643-5-1-13-13-11-1066-45"> </a></td><td>Сердечно-сосудистая хирургия</td></tr><tr><td style="white-space:nowrap">46<a name="nsi-cs-1-2-643-5-1-13-13-11-1066-46"> </a></td><td>Торакальная хирургия</td></tr><tr><td style="white-space:nowrap">50<a name="nsi-cs-1-2-643-5-1-13-13-11-1066-50"> </a></td><td>Челюстно-лицевая хирургия</td></tr><tr><td style="white-space:nowrap">52<a name="nsi-cs-1-2-643-5-1-13-13-11-1066-52"> </a></td><td>Лабораторная генетика</td></tr><tr><td style="white-space:nowrap">54<a name="nsi-cs-1-2-643-5-1-13-13-11-1066-54"> </a></td><td>Бактериология</td></tr><tr><td style="white-space:nowrap">55<a name="nsi-cs-1-2-643-5-1-13-13-11-1066-55"> </a></td><td>Вирусология</td></tr><tr><td style="white-space:nowrap">57<a name="nsi-cs-1-2-643-5-1-13-13-11-1066-57"> </a></td><td>Лабораторная микология</td></tr><tr><td style="white-space:nowrap">58<a name="nsi-cs-1-2-643-5-1-13-13-11-1066-58"> </a></td><td>Восстановительная медицина</td></tr><tr><td style="white-space:nowrap">59<a name="nsi-cs-1-2-643-5-1-13-13-11-1066-59"> </a></td><td>Лечебная физкультура и спортивная медицина</td></tr><tr><td style="white-space:nowrap">61<a name="nsi-cs-1-2-643-5-1-13-13-11-1066-61"> </a></td><td>Мануальная терапия</td></tr><tr><td style="white-space:nowrap">62<a name="nsi-cs-1-2-643-5-1-13-13-11-1066-62"> </a></td><td>Рефлексотерапия</td></tr><tr><td style="white-space:nowrap">66<a name="nsi-cs-1-2-643-5-1-13-13-11-1066-66"> </a></td><td>Гериатрия</td></tr><tr><td style="white-space:nowrap">75<a name="nsi-cs-1-2-643-5-1-13-13-11-1066-75"> </a></td><td>Сурдология - оториноларингология</td></tr><tr><td style="white-space:nowrap">77<a name="nsi-cs-1-2-643-5-1-13-13-11-1066-77"> </a></td><td>Аллергология и иммунология</td></tr><tr><td style="white-space:nowrap">79<a name="nsi-cs-1-2-643-5-1-13-13-11-1066-79"> </a></td><td>Гастроэнтерология</td></tr><tr><td style="white-space:nowrap">80<a name="nsi-cs-1-2-643-5-1-13-13-11-1066-80"> </a></td><td>Гематология</td></tr><tr><td style="white-space:nowrap">81<a name="nsi-cs-1-2-643-5-1-13-13-11-1066-81"> </a></td><td>Детская кардиология</td></tr><tr><td style="white-space:nowrap">83<a name="nsi-cs-1-2-643-5-1-13-13-11-1066-83"> </a></td><td>Детская эндокринология</td></tr><tr><td style="white-space:nowrap">84<a name="nsi-cs-1-2-643-5-1-13-13-11-1066-84"> </a></td><td>Диетология</td></tr><tr><td style="white-space:nowrap">85<a name="nsi-cs-1-2-643-5-1-13-13-11-1066-85"> </a></td><td>Клиническая фармакология</td></tr><tr><td style="white-space:nowrap">89<a name="nsi-cs-1-2-643-5-1-13-13-11-1066-89"> </a></td><td>Нефрология</td></tr><tr><td style="white-space:nowrap">90<a name="nsi-cs-1-2-643-5-1-13-13-11-1066-90"> </a></td><td>Пульмонология</td></tr><tr><td style="white-space:nowrap">91<a name="nsi-cs-1-2-643-5-1-13-13-11-1066-91"> </a></td><td>Ревматология</td></tr><tr><td style="white-space:nowrap">97<a name="nsi-cs-1-2-643-5-1-13-13-11-1066-97"> </a></td><td>Психиатрия-наркология</td></tr><tr><td style="white-space:nowrap">98<a name="nsi-cs-1-2-643-5-1-13-13-11-1066-98"> </a></td><td>Психотерапия</td></tr><tr><td style="white-space:nowrap">99<a name="nsi-cs-1-2-643-5-1-13-13-11-1066-99"> </a></td><td>Сексология</td></tr><tr><td style="white-space:nowrap">100<a name="nsi-cs-1-2-643-5-1-13-13-11-1066-100"> </a></td><td>Судебно-психиатрическая экспертиза</td></tr><tr><td style="white-space:nowrap">102<a name="nsi-cs-1-2-643-5-1-13-13-11-1066-102"> </a></td><td>Радиология</td></tr><tr><td style="white-space:nowrap">110<a name="nsi-cs-1-2-643-5-1-13-13-11-1066-110"> </a></td><td>Авиационная и космическая медицина</td></tr><tr><td style="white-space:nowrap">118<a name="nsi-cs-1-2-643-5-1-13-13-11-1066-118"> </a></td><td>Кардиология</td></tr><tr><td style="white-space:nowrap">124<a name="nsi-cs-1-2-643-5-1-13-13-11-1066-124"> </a></td><td>Профпатология</td></tr><tr><td style="white-space:nowrap">145<a name="nsi-cs-1-2-643-5-1-13-13-11-1066-145"> </a></td><td>Урология</td></tr><tr><td style="white-space:nowrap">150<a name="nsi-cs-1-2-643-5-1-13-13-11-1066-150"> </a></td><td>Диабетология</td></tr><tr><td style="white-space:nowrap">152<a name="nsi-cs-1-2-643-5-1-13-13-11-1066-152"> </a></td><td>Общая гигиена</td></tr><tr><td style="white-space:nowrap">153<a name="nsi-cs-1-2-643-5-1-13-13-11-1066-153"> </a></td><td>Социальная гигиена и организация госсанэпидслужбы</td></tr><tr><td style="white-space:nowrap">154<a name="nsi-cs-1-2-643-5-1-13-13-11-1066-154"> </a></td><td>Эпидемиология</td></tr><tr><td style="white-space:nowrap">159<a name="nsi-cs-1-2-643-5-1-13-13-11-1066-159"> </a></td><td>Гигиена детей и подростков</td></tr><tr><td style="white-space:nowrap">160<a name="nsi-cs-1-2-643-5-1-13-13-11-1066-160"> </a></td><td>Гигиена питания</td></tr><tr><td style="white-space:nowrap">161<a name="nsi-cs-1-2-643-5-1-13-13-11-1066-161"> </a></td><td>Гигиена труда</td></tr><tr><td style="white-space:nowrap">162<a name="nsi-cs-1-2-643-5-1-13-13-11-1066-162"> </a></td><td>Гигиеническое воспитание</td></tr><tr><td style="white-space:nowrap">163<a name="nsi-cs-1-2-643-5-1-13-13-11-1066-163"> </a></td><td>Коммунальная гигиена</td></tr><tr><td style="white-space:nowrap">164<a name="nsi-cs-1-2-643-5-1-13-13-11-1066-164"> </a></td><td>Радиационная гигиена</td></tr><tr><td style="white-space:nowrap">165<a name="nsi-cs-1-2-643-5-1-13-13-11-1066-165"> </a></td><td>Санитарно-гигиенические лабораторные исследования</td></tr><tr><td style="white-space:nowrap">169<a name="nsi-cs-1-2-643-5-1-13-13-11-1066-169"> </a></td><td>Дезинфектология</td></tr><tr><td style="white-space:nowrap">170<a name="nsi-cs-1-2-643-5-1-13-13-11-1066-170"> </a></td><td>Паразитология</td></tr><tr><td style="white-space:nowrap">171<a name="nsi-cs-1-2-643-5-1-13-13-11-1066-171"> </a></td><td>Стоматология общей практики</td></tr><tr><td style="white-space:nowrap">173<a name="nsi-cs-1-2-643-5-1-13-13-11-1066-173"> </a></td><td>Ортодонтия</td></tr><tr><td style="white-space:nowrap">174<a name="nsi-cs-1-2-643-5-1-13-13-11-1066-174"> </a></td><td>Стоматология детская</td></tr><tr><td style="white-space:nowrap">175<a name="nsi-cs-1-2-643-5-1-13-13-11-1066-175"> </a></td><td>Стоматология ортопедическая</td></tr><tr><td style="white-space:nowrap">176<a name="nsi-cs-1-2-643-5-1-13-13-11-1066-176"> </a></td><td>Стоматология терапевтическая</td></tr><tr><td style="white-space:nowrap">177<a name="nsi-cs-1-2-643-5-1-13-13-11-1066-177"> </a></td><td>Стоматология хирургическая</td></tr><tr><td style="white-space:nowrap">184<a name="nsi-cs-1-2-643-5-1-13-13-11-1066-184"> </a></td><td>Управление и экономика фармации</td></tr><tr><td style="white-space:nowrap">185<a name="nsi-cs-1-2-643-5-1-13-13-11-1066-185"> </a></td><td>Фармацевтическая химия и фармакогнозия</td></tr><tr><td style="white-space:nowrap">186<a name="nsi-cs-1-2-643-5-1-13-13-11-1066-186"> </a></td><td>Управление сестринской деятельностью</td></tr><tr><td style="white-space:nowrap">204<a name="nsi-cs-1-2-643-5-1-13-13-11-1066-204"> </a></td><td>Средний медицинский персонал</td></tr><tr><td style="white-space:nowrap">205<a name="nsi-cs-1-2-643-5-1-13-13-11-1066-205"> </a></td><td>Организация сестринского дела</td></tr><tr><td style="white-space:nowrap">206<a name="nsi-cs-1-2-643-5-1-13-13-11-1066-206"> </a></td><td>Лечебное дело</td></tr><tr><td style="white-space:nowrap">207<a name="nsi-cs-1-2-643-5-1-13-13-11-1066-207"> </a></td><td>Акушерское дело</td></tr><tr><td style="white-space:nowrap">208<a name="nsi-cs-1-2-643-5-1-13-13-11-1066-208"> </a></td><td>Стоматология</td></tr><tr><td style="white-space:nowrap">209<a name="nsi-cs-1-2-643-5-1-13-13-11-1066-209"> </a></td><td>Стоматология ортопедическая</td></tr><tr><td style="white-space:nowrap">210<a name="nsi-cs-1-2-643-5-1-13-13-11-1066-210"> </a></td><td>Эпидемиология (паразитология)</td></tr><tr><td style="white-space:nowrap">211<a name="nsi-cs-1-2-643-5-1-13-13-11-1066-211"> </a></td><td>Гигиена и санитария</td></tr><tr><td style="white-space:nowrap">212<a name="nsi-cs-1-2-643-5-1-13-13-11-1066-212"> </a></td><td>Дезинфекционное дело</td></tr><tr><td style="white-space:nowrap">213<a name="nsi-cs-1-2-643-5-1-13-13-11-1066-213"> </a></td><td>Гигиеническое воспитание</td></tr><tr><td style="white-space:nowrap">214<a name="nsi-cs-1-2-643-5-1-13-13-11-1066-214"> </a></td><td>Энтомология</td></tr><tr><td style="white-space:nowrap">215<a name="nsi-cs-1-2-643-5-1-13-13-11-1066-215"> </a></td><td>Лабораторная диагностика</td></tr><tr><td style="white-space:nowrap">216<a name="nsi-cs-1-2-643-5-1-13-13-11-1066-216"> </a></td><td>Гистология</td></tr><tr><td style="white-space:nowrap">217<a name="nsi-cs-1-2-643-5-1-13-13-11-1066-217"> </a></td><td>Лабораторное дело</td></tr><tr><td style="white-space:nowrap">218<a name="nsi-cs-1-2-643-5-1-13-13-11-1066-218"> </a></td><td>Фармация</td></tr><tr><td style="white-space:nowrap">219<a name="nsi-cs-1-2-643-5-1-13-13-11-1066-219"> </a></td><td>Сестринское дело</td></tr><tr><td style="white-space:nowrap">221<a name="nsi-cs-1-2-643-5-1-13-13-11-1066-221"> </a></td><td>Сестринское дело в педиатрии</td></tr><tr><td style="white-space:nowrap">222<a name="nsi-cs-1-2-643-5-1-13-13-11-1066-222"> </a></td><td>Операционное дело</td></tr><tr><td style="white-space:nowrap">223<a name="nsi-cs-1-2-643-5-1-13-13-11-1066-223"> </a></td><td>Анестезиология и реаниматология</td></tr><tr><td style="white-space:nowrap">224<a name="nsi-cs-1-2-643-5-1-13-13-11-1066-224"> </a></td><td>Общая практика</td></tr><tr><td style="white-space:nowrap">225<a name="nsi-cs-1-2-643-5-1-13-13-11-1066-225"> </a></td><td>Рентгенология</td></tr><tr><td style="white-space:nowrap">226<a name="nsi-cs-1-2-643-5-1-13-13-11-1066-226"> </a></td><td>Функциональная диагностика</td></tr><tr><td style="white-space:nowrap">227<a name="nsi-cs-1-2-643-5-1-13-13-11-1066-227"> </a></td><td>Физиотерапия</td></tr><tr><td style="white-space:nowrap">228<a name="nsi-cs-1-2-643-5-1-13-13-11-1066-228"> </a></td><td>Медицинский массаж</td></tr><tr><td style="white-space:nowrap">229<a name="nsi-cs-1-2-643-5-1-13-13-11-1066-229"> </a></td><td>Фармацевтическая технология</td></tr><tr><td style="white-space:nowrap">230<a name="nsi-cs-1-2-643-5-1-13-13-11-1066-230"> </a></td><td>Лечебная физкультура</td></tr><tr><td style="white-space:nowrap">231<a name="nsi-cs-1-2-643-5-1-13-13-11-1066-231"> </a></td><td>Диетология</td></tr><tr><td style="white-space:nowrap">232<a name="nsi-cs-1-2-643-5-1-13-13-11-1066-232"> </a></td><td>Медицинская статистика</td></tr><tr><td style="white-space:nowrap">233<a name="nsi-cs-1-2-643-5-1-13-13-11-1066-233"> </a></td><td>Стоматология профилактическая</td></tr><tr><td style="white-space:nowrap">234<a name="nsi-cs-1-2-643-5-1-13-13-11-1066-234"> </a></td><td>Судебно-медицинская экспертиза</td></tr><tr><td style="white-space:nowrap">235<a name="nsi-cs-1-2-643-5-1-13-13-11-1066-235"> </a></td><td>Медицинская оптика</td></tr><tr><td style="white-space:nowrap">236<a name="nsi-cs-1-2-643-5-1-13-13-11-1066-236"> </a></td><td>Медико-социальная экспертиза</td></tr><tr><td style="white-space:nowrap">247<a name="nsi-cs-1-2-643-5-1-13-13-11-1066-247"> </a></td><td>Пластическая хирургия</td></tr><tr><td style="white-space:nowrap">248<a name="nsi-cs-1-2-643-5-1-13-13-11-1066-248"> </a></td><td>Рентгенэндоваскулярные диагностика и лечение</td></tr><tr><td style="white-space:nowrap">252<a name="nsi-cs-1-2-643-5-1-13-13-11-1066-252"> </a></td><td>Косметология</td></tr><tr><td style="white-space:nowrap">256<a name="nsi-cs-1-2-643-5-1-13-13-11-1066-256"> </a></td><td>Водолазная медицина</td></tr><tr><td style="white-space:nowrap">269<a name="nsi-cs-1-2-643-5-1-13-13-11-1066-269"> </a></td><td>Медицинская кибернетика</td></tr><tr><td style="white-space:nowrap">279<a name="nsi-cs-1-2-643-5-1-13-13-11-1066-279"> </a></td><td>Медико-социальная помощь</td></tr><tr><td style="white-space:nowrap">280<a name="nsi-cs-1-2-643-5-1-13-13-11-1066-280"> </a></td><td>Наркология</td></tr><tr><td style="white-space:nowrap">281<a name="nsi-cs-1-2-643-5-1-13-13-11-1066-281"> </a></td><td>Реабилитационное сестринское дело</td></tr><tr><td style="white-space:nowrap">282<a name="nsi-cs-1-2-643-5-1-13-13-11-1066-282"> </a></td><td>Сестринское дело в косметологии</td></tr><tr><td style="white-space:nowrap">283<a name="nsi-cs-1-2-643-5-1-13-13-11-1066-283"> </a></td><td>Скорая и неотложная помощь</td></tr><tr><td style="white-space:nowrap">284<a name="nsi-cs-1-2-643-5-1-13-13-11-1066-284"> </a></td><td>Бактериология</td></tr><tr><td style="white-space:nowrap">285<a name="nsi-cs-1-2-643-5-1-13-13-11-1066-285"> </a></td><td>Радиотерапия</td></tr><tr><td style="white-space:nowrap">287<a name="nsi-cs-1-2-643-5-1-13-13-11-1066-287"> </a></td><td>Остеопатия</td></tr><tr><td style="white-space:nowrap">288<a name="nsi-cs-1-2-643-5-1-13-13-11-1066-288"> </a></td><td>Детская онкология-гематология</td></tr><tr><td style="white-space:nowrap">289<a name="nsi-cs-1-2-643-5-1-13-13-11-1066-289"> </a></td><td>Медицинская микробиология</td></tr><tr><td style="white-space:nowrap">290<a name="nsi-cs-1-2-643-5-1-13-13-11-1066-290"> </a></td><td>Физическая и реабилитационная медицина</td></tr></table></div>
  </text>
  <url value="https://nsi.rosminzdrav.ru/#!/refbook/1.2.643.5.1.13.13.11.1066"/>
  <identifier>
    <system value="urn:ietf:rfc:3986"/>
    <value value="urn:oid:1.2.643.5.1.13.13.11.1066"/>
  </identifier>
  <version value="5.3"/>
  <name value="Nsi_cs_1_2_643_5_1_13_13_11_1066"/>
  <title value="Номенклатура специальностей специалистов, имеющих медицинское и фармацевтическое образование"/>
  <status value="active"/>
  <date value="2021-10-21T17:36:15+03:00"/>
  <contact>
    <name value="см. паспорт справочника на ФНСИ"/>
    <telecom>
      <system value="email"/>
      <value value="см. паспорт справочника на ФНСИ"/>
    </telecom>
  </contact>
  <description value="Справочник ФНСИ:  &#xA;&#39;Номенклатура специальностей специалистов, имеющих медицинское и фармацевтическое образование&#39;  &#xA;версия &#39;5.3&#39;  &#xA;[1.2.643.5.1.13.13.11.1066](https://nsi.rosminzdrav.ru/#!/refbook/1.2.643.5.1.13.13.11.1066/version/5.3)"/>
  <content value="complete"/>
  <count value="146"/>
  <concept>
    <code value="0"/>
    <display value="Врачебные специальности"/>
  </concept>
  <concept>
    <code value="1"/>
    <display value="Лечебное дело"/>
  </concept>
  <concept>
    <code value="2"/>
    <display value="Медико-профилактическое дело"/>
  </concept>
  <concept>
    <code value="3"/>
    <display value="Стоматология"/>
  </concept>
  <concept>
    <code value="4"/>
    <display value="Фармация"/>
  </concept>
  <concept>
    <code value="5"/>
    <display value="Сестринское дело"/>
  </concept>
  <concept>
    <code value="6"/>
    <display value="Медицинская биохимия"/>
  </concept>
  <concept>
    <code value="7"/>
    <display value="Медицинская биофизика"/>
  </concept>
  <concept>
    <code value="8"/>
    <display value="Акушерство и гинекология"/>
  </concept>
  <concept>
    <code value="9"/>
    <display value="Анестезиология-реаниматология"/>
  </concept>
  <concept>
    <code value="10"/>
    <display value="Дерматовенерология"/>
  </concept>
  <concept>
    <code value="11"/>
    <display value="Детская хирургия"/>
  </concept>
  <concept>
    <code value="12"/>
    <display value="Генетика"/>
  </concept>
  <concept>
    <code value="13"/>
    <display value="Клиническая лабораторная диагностика"/>
  </concept>
  <concept>
    <code value="14"/>
    <display value="Неврология"/>
  </concept>
  <concept>
    <code value="15"/>
    <display value="Неонатология"/>
  </concept>
  <concept>
    <code value="16"/>
    <display value="Общая врачебная практика (семейная медицина)"/>
  </concept>
  <concept>
    <code value="17"/>
    <display value="Онкология"/>
  </concept>
  <concept>
    <code value="18"/>
    <display value="Организация здравоохранения и общественное здоровье"/>
  </concept>
  <concept>
    <code value="19"/>
    <display value="Оториноларингология"/>
  </concept>
  <concept>
    <code value="20"/>
    <display value="Офтальмология"/>
  </concept>
  <concept>
    <code value="21"/>
    <display value="Патологическая анатомия"/>
  </concept>
  <concept>
    <code value="22"/>
    <display value="Педиатрия"/>
  </concept>
  <concept>
    <code value="23"/>
    <display value="Психиатрия"/>
  </concept>
  <concept>
    <code value="24"/>
    <display value="Рентгенология"/>
  </concept>
  <concept>
    <code value="25"/>
    <display value="Скорая медицинская помощь"/>
  </concept>
  <concept>
    <code value="26"/>
    <display value="Судебно-медицинская экспертиза"/>
  </concept>
  <concept>
    <code value="27"/>
    <display value="Терапия"/>
  </concept>
  <concept>
    <code value="28"/>
    <display value="Травматология и ортопедия"/>
  </concept>
  <concept>
    <code value="29"/>
    <display value="Фтизиатрия"/>
  </concept>
  <concept>
    <code value="30"/>
    <display value="Хирургия"/>
  </concept>
  <concept>
    <code value="31"/>
    <display value="Эндокринология"/>
  </concept>
  <concept>
    <code value="32"/>
    <display value="Инфекционные болезни"/>
  </concept>
  <concept>
    <code value="33"/>
    <display value="Ультразвуковая диагностика"/>
  </concept>
  <concept>
    <code value="34"/>
    <display value="Физиотерапия"/>
  </concept>
  <concept>
    <code value="35"/>
    <display value="Функциональная диагностика"/>
  </concept>
  <concept>
    <code value="36"/>
    <display value="Эндоскопия"/>
  </concept>
  <concept>
    <code value="37"/>
    <display value="Токсикология"/>
  </concept>
  <concept>
    <code value="38"/>
    <display value="Трансфузиология"/>
  </concept>
  <concept>
    <code value="40"/>
    <display value="Клиническая микология"/>
  </concept>
  <concept>
    <code value="41"/>
    <display value="Детская онкология"/>
  </concept>
  <concept>
    <code value="42"/>
    <display value="Детская урология - андрология"/>
  </concept>
  <concept>
    <code value="43"/>
    <display value="Колопроктология"/>
  </concept>
  <concept>
    <code value="44"/>
    <display value="Нейрохирургия"/>
  </concept>
  <concept>
    <code value="45"/>
    <display value="Сердечно-сосудистая хирургия"/>
  </concept>
  <concept>
    <code value="46"/>
    <display value="Торакальная хирургия"/>
  </concept>
  <concept>
    <code value="50"/>
    <display value="Челюстно-лицевая хирургия"/>
  </concept>
  <concept>
    <code value="52"/>
    <display value="Лабораторная генетика"/>
  </concept>
  <concept>
    <code value="54"/>
    <display value="Бактериология"/>
  </concept>
  <concept>
    <code value="55"/>
    <display value="Вирусология"/>
  </concept>
  <concept>
    <code value="57"/>
    <display value="Лабораторная микология"/>
  </concept>
  <concept>
    <code value="58"/>
    <display value="Восстановительная медицина"/>
  </concept>
  <concept>
    <code value="59"/>
    <display value="Лечебная физкультура и спортивная медицина"/>
  </concept>
  <concept>
    <code value="61"/>
    <display value="Мануальная терапия"/>
  </concept>
  <concept>
    <code value="62"/>
    <display value="Рефлексотерапия"/>
  </concept>
  <concept>
    <code value="66"/>
    <display value="Гериатрия"/>
  </concept>
  <concept>
    <code value="75"/>
    <display value="Сурдология - оториноларингология"/>
  </concept>
  <concept>
    <code value="77"/>
    <display value="Аллергология и иммунология"/>
  </concept>
  <concept>
    <code value="79"/>
    <display value="Гастроэнтерология"/>
  </concept>
  <concept>
    <code value="80"/>
    <display value="Гематология"/>
  </concept>
  <concept>
    <code value="81"/>
    <display value="Детская кардиология"/>
  </concept>
  <concept>
    <code value="83"/>
    <display value="Детская эндокринология"/>
  </concept>
  <concept>
    <code value="84"/>
    <display value="Диетология"/>
  </concept>
  <concept>
    <code value="85"/>
    <display value="Клиническая фармакология"/>
  </concept>
  <concept>
    <code value="89"/>
    <display value="Нефрология"/>
  </concept>
  <concept>
    <code value="90"/>
    <display value="Пульмонология"/>
  </concept>
  <concept>
    <code value="91"/>
    <display value="Ревматология"/>
  </concept>
  <concept>
    <code value="97"/>
    <display value="Психиатрия-наркология"/>
  </concept>
  <concept>
    <code value="98"/>
    <display value="Психотерапия"/>
  </concept>
  <concept>
    <code value="99"/>
    <display value="Сексология"/>
  </concept>
  <concept>
    <code value="100"/>
    <display value="Судебно-психиатрическая экспертиза"/>
  </concept>
  <concept>
    <code value="102"/>
    <display value="Радиология"/>
  </concept>
  <concept>
    <code value="110"/>
    <display value="Авиационная и космическая медицина"/>
  </concept>
  <concept>
    <code value="118"/>
    <display value="Кардиология"/>
  </concept>
  <concept>
    <code value="124"/>
    <display value="Профпатология"/>
  </concept>
  <concept>
    <code value="145"/>
    <display value="Урология"/>
  </concept>
  <concept>
    <code value="150"/>
    <display value="Диабетология"/>
  </concept>
  <concept>
    <code value="152"/>
    <display value="Общая гигиена"/>
  </concept>
  <concept>
    <code value="153"/>
    <display value="Социальная гигиена и организация госсанэпидслужбы"/>
  </concept>
  <concept>
    <code value="154"/>
    <display value="Эпидемиология"/>
  </concept>
  <concept>
    <code value="159"/>
    <display value="Гигиена детей и подростков"/>
  </concept>
  <concept>
    <code value="160"/>
    <display value="Гигиена питания"/>
  </concept>
  <concept>
    <code value="161"/>
    <display value="Гигиена труда"/>
  </concept>
  <concept>
    <code value="162"/>
    <display value="Гигиеническое воспитание"/>
  </concept>
  <concept>
    <code value="163"/>
    <display value="Коммунальная гигиена"/>
  </concept>
  <concept>
    <code value="164"/>
    <display value="Радиационная гигиена"/>
  </concept>
  <concept>
    <code value="165"/>
    <display value="Санитарно-гигиенические лабораторные исследования"/>
  </concept>
  <concept>
    <code value="169"/>
    <display value="Дезинфектология"/>
  </concept>
  <concept>
    <code value="170"/>
    <display value="Паразитология"/>
  </concept>
  <concept>
    <code value="171"/>
    <display value="Стоматология общей практики"/>
  </concept>
  <concept>
    <code value="173"/>
    <display value="Ортодонтия"/>
  </concept>
  <concept>
    <code value="174"/>
    <display value="Стоматология детская"/>
  </concept>
  <concept>
    <code value="175"/>
    <display value="Стоматология ортопедическая"/>
  </concept>
  <concept>
    <code value="176"/>
    <display value="Стоматология терапевтическая"/>
  </concept>
  <concept>
    <code value="177"/>
    <display value="Стоматология хирургическая"/>
  </concept>
  <concept>
    <code value="184"/>
    <display value="Управление и экономика фармации"/>
  </concept>
  <concept>
    <code value="185"/>
    <display value="Фармацевтическая химия и фармакогнозия"/>
  </concept>
  <concept>
    <code value="186"/>
    <display value="Управление сестринской деятельностью"/>
  </concept>
  <concept>
    <code value="204"/>
    <display value="Средний медицинский персонал"/>
  </concept>
  <concept>
    <code value="205"/>
    <display value="Организация сестринского дела"/>
  </concept>
  <concept>
    <code value="206"/>
    <display value="Лечебное дело"/>
  </concept>
  <concept>
    <code value="207"/>
    <display value="Акушерское дело"/>
  </concept>
  <concept>
    <code value="208"/>
    <display value="Стоматология"/>
  </concept>
  <concept>
    <code value="209"/>
    <display value="Стоматология ортопедическая"/>
  </concept>
  <concept>
    <code value="210"/>
    <display value="Эпидемиология (паразитология)"/>
  </concept>
  <concept>
    <code value="211"/>
    <display value="Гигиена и санитария"/>
  </concept>
  <concept>
    <code value="212"/>
    <display value="Дезинфекционное дело"/>
  </concept>
  <concept>
    <code value="213"/>
    <display value="Гигиеническое воспитание"/>
  </concept>
  <concept>
    <code value="214"/>
    <display value="Энтомология"/>
  </concept>
  <concept>
    <code value="215"/>
    <display value="Лабораторная диагностика"/>
  </concept>
  <concept>
    <code value="216"/>
    <display value="Гистология"/>
  </concept>
  <concept>
    <code value="217"/>
    <display value="Лабораторное дело"/>
  </concept>
  <concept>
    <code value="218"/>
    <display value="Фармация"/>
  </concept>
  <concept>
    <code value="219"/>
    <display value="Сестринское дело"/>
  </concept>
  <concept>
    <code value="221"/>
    <display value="Сестринское дело в педиатрии"/>
  </concept>
  <concept>
    <code value="222"/>
    <display value="Операционное дело"/>
  </concept>
  <concept>
    <code value="223"/>
    <display value="Анестезиология и реаниматология"/>
  </concept>
  <concept>
    <code value="224"/>
    <display value="Общая практика"/>
  </concept>
  <concept>
    <code value="225"/>
    <display value="Рентгенология"/>
  </concept>
  <concept>
    <code value="226"/>
    <display value="Функциональная диагностика"/>
  </concept>
  <concept>
    <code value="227"/>
    <display value="Физиотерапия"/>
  </concept>
  <concept>
    <code value="228"/>
    <display value="Медицинский массаж"/>
  </concept>
  <concept>
    <code value="229"/>
    <display value="Фармацевтическая технология"/>
  </concept>
  <concept>
    <code value="230"/>
    <display value="Лечебная физкультура"/>
  </concept>
  <concept>
    <code value="231"/>
    <display value="Диетология"/>
  </concept>
  <concept>
    <code value="232"/>
    <display value="Медицинская статистика"/>
  </concept>
  <concept>
    <code value="233"/>
    <display value="Стоматология профилактическая"/>
  </concept>
  <concept>
    <code value="234"/>
    <display value="Судебно-медицинская экспертиза"/>
  </concept>
  <concept>
    <code value="235"/>
    <display value="Медицинская оптика"/>
  </concept>
  <concept>
    <code value="236"/>
    <display value="Медико-социальная экспертиза"/>
  </concept>
  <concept>
    <code value="247"/>
    <display value="Пластическая хирургия"/>
  </concept>
  <concept>
    <code value="248"/>
    <display value="Рентгенэндоваскулярные диагностика и лечение"/>
  </concept>
  <concept>
    <code value="252"/>
    <display value="Косметология"/>
  </concept>
  <concept>
    <code value="256"/>
    <display value="Водолазная медицина"/>
  </concept>
  <concept>
    <code value="269"/>
    <display value="Медицинская кибернетика"/>
  </concept>
  <concept>
    <code value="279"/>
    <display value="Медико-социальная помощь"/>
  </concept>
  <concept>
    <code value="280"/>
    <display value="Наркология"/>
  </concept>
  <concept>
    <code value="281"/>
    <display value="Реабилитационное сестринское дело"/>
  </concept>
  <concept>
    <code value="282"/>
    <display value="Сестринское дело в косметологии"/>
  </concept>
  <concept>
    <code value="283"/>
    <display value="Скорая и неотложная помощь"/>
  </concept>
  <concept>
    <code value="284"/>
    <display value="Бактериология"/>
  </concept>
  <concept>
    <code value="285"/>
    <display value="Радиотерапия"/>
  </concept>
  <concept>
    <code value="287"/>
    <display value="Остеопатия"/>
  </concept>
  <concept>
    <code value="288"/>
    <display value="Детская онкология-гематология"/>
  </concept>
  <concept>
    <code value="289"/>
    <display value="Медицинская микробиология"/>
  </concept>
  <concept>
    <code value="290"/>
    <display value="Физическая и реабилитационная медицина"/>
  </concept>
</CodeSystem>