<?xml version="1.0" encoding="UTF-8"?>

<CodeSystem xmlns="http://hl7.org/fhir">
  <id value="nsi-cs-1-2-643-5-1-13-13-11-1035"/>
  <text>
    <status value="generated"/><div xmlns="http://www.w3.org/1999/xhtml"><p>This code system https://nsi.rosminzdrav.ru/#!/refbook/1.2.643.5.1.13.13.11.1035 defines the following codes:</p><table class="codes"><tr><td style="white-space:nowrap"><b>Code</b></td><td><b>Display</b></td></tr><tr><td style="white-space:nowrap">1<a name="nsi-cs-1-2-643-5-1-13-13-11-1035-1"> </a></td><td>Полис ОМС старого образца</td></tr><tr><td style="white-space:nowrap">2<a name="nsi-cs-1-2-643-5-1-13-13-11-1035-2"> </a></td><td>Полис ОМС единого образца, бессрочный</td></tr><tr><td style="white-space:nowrap">3<a name="nsi-cs-1-2-643-5-1-13-13-11-1035-3"> </a></td><td>Полис ОМС единого образца, со сроком действия</td></tr><tr><td style="white-space:nowrap">4<a name="nsi-cs-1-2-643-5-1-13-13-11-1035-4"> </a></td><td>Временное свидетельство</td></tr></table></div>
  </text>
  <url value="https://nsi.rosminzdrav.ru/#!/refbook/1.2.643.5.1.13.13.11.1035"/>
  <identifier>
    <system value="urn:ietf:rfc:3986"/>
    <value value="urn:oid:1.2.643.5.1.13.13.11.1035"/>
  </identifier>
  <version value="1.3"/>
  <name value="Nsi_cs_1_2_643_5_1_13_13_11_1035"/>
  <title value="Виды полиса обязательного медицинского страхования"/>
  <status value="active"/>
  <date value="2021-10-20T13:42:04+03:00"/>
  <contact>
    <name value="см. паспорт справочника на ФНСИ"/>
    <telecom>
      <system value="email"/>
      <value value="см. паспорт справочника на ФНСИ"/>
    </telecom>
  </contact>
  <description value="Справочник ФНСИ:  &#xA;&#39;Виды полиса обязательного медицинского страхования&#39;  &#xA;версия &#39;1.3&#39;  &#xA;[1.2.643.5.1.13.13.11.1035](https://nsi.rosminzdrav.ru/#!/refbook/1.2.643.5.1.13.13.11.1035/version/1.3)"/>
  <content value="complete"/>
  <count value="4"/>
  <concept>
    <code value="1"/>
    <display value="Полис ОМС старого образца"/>
  </concept>
  <concept>
    <code value="2"/>
    <display value="Полис ОМС единого образца, бессрочный"/>
  </concept>
  <concept>
    <code value="3"/>
    <display value="Полис ОМС единого образца, со сроком действия"/>
  </concept>
  <concept>
    <code value="4"/>
    <display value="Временное свидетельство"/>
  </concept>
</CodeSystem>