{
  "resourceType": "CodeSystem",
  "id": "nsi-cs-1-2-643-5-1-13-13-11-1066",
  "text": {
    "status": "generated",
    "div": "<div xmlns=\"http://www.w3.org/1999/xhtml\"><p>This code system https://nsi.rosminzdrav.ru/#!/refbook/1.2.643.5.1.13.13.11.1066 defines the following codes:</p><table class=\"codes\"><tr><td style=\"white-space:nowrap\"><b>Code</b></td><td><b>Display</b></td></tr><tr><td style=\"white-space:nowrap\">0<a name=\"nsi-cs-1-2-643-5-1-13-13-11-1066-0\"> </a></td><td>Врачебные специальности</td></tr><tr><td style=\"white-space:nowrap\">1<a name=\"nsi-cs-1-2-643-5-1-13-13-11-1066-1\"> </a></td><td>Лечебное дело</td></tr><tr><td style=\"white-space:nowrap\">2<a name=\"nsi-cs-1-2-643-5-1-13-13-11-1066-2\"> </a></td><td>Медико-профилактическое дело</td></tr><tr><td style=\"white-space:nowrap\">3<a name=\"nsi-cs-1-2-643-5-1-13-13-11-1066-3\"> </a></td><td>Стоматология</td></tr><tr><td style=\"white-space:nowrap\">4<a name=\"nsi-cs-1-2-643-5-1-13-13-11-1066-4\"> </a></td><td>Фармация</td></tr><tr><td style=\"white-space:nowrap\">5<a name=\"nsi-cs-1-2-643-5-1-13-13-11-1066-5\"> </a></td><td>Сестринское дело</td></tr><tr><td style=\"white-space:nowrap\">6<a name=\"nsi-cs-1-2-643-5-1-13-13-11-1066-6\"> </a></td><td>Медицинская биохимия</td></tr><tr><td style=\"white-space:nowrap\">7<a name=\"nsi-cs-1-2-643-5-1-13-13-11-1066-7\"> </a></td><td>Медицинская биофизика</td></tr><tr><td style=\"white-space:nowrap\">8<a name=\"nsi-cs-1-2-643-5-1-13-13-11-1066-8\"> </a></td><td>Акушерство и гинекология</td></tr><tr><td style=\"white-space:nowrap\">9<a name=\"nsi-cs-1-2-643-5-1-13-13-11-1066-9\"> </a></td><td>Анестезиология-реаниматология</td></tr><tr><td style=\"white-space:nowrap\">10<a name=\"nsi-cs-1-2-643-5-1-13-13-11-1066-10\"> </a></td><td>Дерматовенерология</td></tr><tr><td style=\"white-space:nowrap\">11<a name=\"nsi-cs-1-2-643-5-1-13-13-11-1066-11\"> </a></td><td>Детская хирургия</td></tr><tr><td style=\"white-space:nowrap\">12<a name=\"nsi-cs-1-2-643-5-1-13-13-11-1066-12\"> </a></td><td>Генетика</td></tr><tr><td style=\"white-space:nowrap\">13<a name=\"nsi-cs-1-2-643-5-1-13-13-11-1066-13\"> </a></td><td>Клиническая лабораторная диагностика</td></tr><tr><td style=\"white-space:nowrap\">14<a name=\"nsi-cs-1-2-643-5-1-13-13-11-1066-14\"> </a></td><td>Неврология</td></tr><tr><td style=\"white-space:nowrap\">15<a name=\"nsi-cs-1-2-643-5-1-13-13-11-1066-15\"> </a></td><td>Неонатология</td></tr><tr><td style=\"white-space:nowrap\">16<a name=\"nsi-cs-1-2-643-5-1-13-13-11-1066-16\"> </a></td><td>Общая врачебная практика (семейная медицина)</td></tr><tr><td style=\"white-space:nowrap\">17<a name=\"nsi-cs-1-2-643-5-1-13-13-11-1066-17\"> </a></td><td>Онкология</td></tr><tr><td style=\"white-space:nowrap\">18<a name=\"nsi-cs-1-2-643-5-1-13-13-11-1066-18\"> </a></td><td>Организация здравоохранения и общественное здоровье</td></tr><tr><td style=\"white-space:nowrap\">19<a name=\"nsi-cs-1-2-643-5-1-13-13-11-1066-19\"> </a></td><td>Оториноларингология</td></tr><tr><td style=\"white-space:nowrap\">20<a name=\"nsi-cs-1-2-643-5-1-13-13-11-1066-20\"> </a></td><td>Офтальмология</td></tr><tr><td style=\"white-space:nowrap\">21<a name=\"nsi-cs-1-2-643-5-1-13-13-11-1066-21\"> </a></td><td>Патологическая анатомия</td></tr><tr><td style=\"white-space:nowrap\">22<a name=\"nsi-cs-1-2-643-5-1-13-13-11-1066-22\"> </a></td><td>Педиатрия</td></tr><tr><td style=\"white-space:nowrap\">23<a name=\"nsi-cs-1-2-643-5-1-13-13-11-1066-23\"> </a></td><td>Психиатрия</td></tr><tr><td style=\"white-space:nowrap\">24<a name=\"nsi-cs-1-2-643-5-1-13-13-11-1066-24\"> </a></td><td>Рентгенология</td></tr><tr><td style=\"white-space:nowrap\">25<a name=\"nsi-cs-1-2-643-5-1-13-13-11-1066-25\"> </a></td><td>Скорая медицинская помощь</td></tr><tr><td style=\"white-space:nowrap\">26<a name=\"nsi-cs-1-2-643-5-1-13-13-11-1066-26\"> </a></td><td>Судебно-медицинская экспертиза</td></tr><tr><td style=\"white-space:nowrap\">27<a name=\"nsi-cs-1-2-643-5-1-13-13-11-1066-27\"> </a></td><td>Терапия</td></tr><tr><td style=\"white-space:nowrap\">28<a name=\"nsi-cs-1-2-643-5-1-13-13-11-1066-28\"> </a></td><td>Травматология и ортопедия</td></tr><tr><td style=\"white-space:nowrap\">29<a name=\"nsi-cs-1-2-643-5-1-13-13-11-1066-29\"> </a></td><td>Фтизиатрия</td></tr><tr><td style=\"white-space:nowrap\">30<a name=\"nsi-cs-1-2-643-5-1-13-13-11-1066-30\"> </a></td><td>Хирургия</td></tr><tr><td style=\"white-space:nowrap\">31<a name=\"nsi-cs-1-2-643-5-1-13-13-11-1066-31\"> </a></td><td>Эндокринология</td></tr><tr><td style=\"white-space:nowrap\">32<a name=\"nsi-cs-1-2-643-5-1-13-13-11-1066-32\"> </a></td><td>Инфекционные болезни</td></tr><tr><td style=\"white-space:nowrap\">33<a name=\"nsi-cs-1-2-643-5-1-13-13-11-1066-33\"> </a></td><td>Ультразвуковая диагностика</td></tr><tr><td style=\"white-space:nowrap\">34<a name=\"nsi-cs-1-2-643-5-1-13-13-11-1066-34\"> </a></td><td>Физиотерапия</td></tr><tr><td style=\"white-space:nowrap\">35<a name=\"nsi-cs-1-2-643-5-1-13-13-11-1066-35\"> </a></td><td>Функциональная диагностика</td></tr><tr><td style=\"white-space:nowrap\">36<a name=\"nsi-cs-1-2-643-5-1-13-13-11-1066-36\"> </a></td><td>Эндоскопия</td></tr><tr><td style=\"white-space:nowrap\">37<a name=\"nsi-cs-1-2-643-5-1-13-13-11-1066-37\"> </a></td><td>Токсикология</td></tr><tr><td style=\"white-space:nowrap\">38<a name=\"nsi-cs-1-2-643-5-1-13-13-11-1066-38\"> </a></td><td>Трансфузиология</td></tr><tr><td style=\"white-space:nowrap\">40<a name=\"nsi-cs-1-2-643-5-1-13-13-11-1066-40\"> </a></td><td>Клиническая микология</td></tr><tr><td style=\"white-space:nowrap\">41<a name=\"nsi-cs-1-2-643-5-1-13-13-11-1066-41\"> </a></td><td>Детская онкология</td></tr><tr><td style=\"white-space:nowrap\">42<a name=\"nsi-cs-1-2-643-5-1-13-13-11-1066-42\"> </a></td><td>Детская урология - андрология</td></tr><tr><td style=\"white-space:nowrap\">43<a name=\"nsi-cs-1-2-643-5-1-13-13-11-1066-43\"> </a></td><td>Колопроктология</td></tr><tr><td style=\"white-space:nowrap\">44<a name=\"nsi-cs-1-2-643-5-1-13-13-11-1066-44\"> </a></td><td>Нейрохирургия</td></tr><tr><td style=\"white-space:nowrap\">45<a name=\"nsi-cs-1-2-643-5-1-13-13-11-1066-45\"> </a></td><td>Сердечно-сосудистая хирургия</td></tr><tr><td style=\"white-space:nowrap\">46<a name=\"nsi-cs-1-2-643-5-1-13-13-11-1066-46\"> </a></td><td>Торакальная хирургия</td></tr><tr><td style=\"white-space:nowrap\">50<a name=\"nsi-cs-1-2-643-5-1-13-13-11-1066-50\"> </a></td><td>Челюстно-лицевая хирургия</td></tr><tr><td style=\"white-space:nowrap\">52<a name=\"nsi-cs-1-2-643-5-1-13-13-11-1066-52\"> </a></td><td>Лабораторная генетика</td></tr><tr><td style=\"white-space:nowrap\">54<a name=\"nsi-cs-1-2-643-5-1-13-13-11-1066-54\"> </a></td><td>Бактериология</td></tr><tr><td style=\"white-space:nowrap\">55<a name=\"nsi-cs-1-2-643-5-1-13-13-11-1066-55\"> </a></td><td>Вирусология</td></tr><tr><td style=\"white-space:nowrap\">57<a name=\"nsi-cs-1-2-643-5-1-13-13-11-1066-57\"> </a></td><td>Лабораторная микология</td></tr><tr><td style=\"white-space:nowrap\">58<a name=\"nsi-cs-1-2-643-5-1-13-13-11-1066-58\"> </a></td><td>Восстановительная медицина</td></tr><tr><td style=\"white-space:nowrap\">59<a name=\"nsi-cs-1-2-643-5-1-13-13-11-1066-59\"> </a></td><td>Лечебная физкультура и спортивная медицина</td></tr><tr><td style=\"white-space:nowrap\">61<a name=\"nsi-cs-1-2-643-5-1-13-13-11-1066-61\"> </a></td><td>Мануальная терапия</td></tr><tr><td style=\"white-space:nowrap\">62<a name=\"nsi-cs-1-2-643-5-1-13-13-11-1066-62\"> </a></td><td>Рефлексотерапия</td></tr><tr><td style=\"white-space:nowrap\">66<a name=\"nsi-cs-1-2-643-5-1-13-13-11-1066-66\"> </a></td><td>Гериатрия</td></tr><tr><td style=\"white-space:nowrap\">75<a name=\"nsi-cs-1-2-643-5-1-13-13-11-1066-75\"> </a></td><td>Сурдология - оториноларингология</td></tr><tr><td style=\"white-space:nowrap\">77<a name=\"nsi-cs-1-2-643-5-1-13-13-11-1066-77\"> </a></td><td>Аллергология и иммунология</td></tr><tr><td style=\"white-space:nowrap\">79<a name=\"nsi-cs-1-2-643-5-1-13-13-11-1066-79\"> </a></td><td>Гастроэнтерология</td></tr><tr><td style=\"white-space:nowrap\">80<a name=\"nsi-cs-1-2-643-5-1-13-13-11-1066-80\"> </a></td><td>Гематология</td></tr><tr><td style=\"white-space:nowrap\">81<a name=\"nsi-cs-1-2-643-5-1-13-13-11-1066-81\"> </a></td><td>Детская кардиология</td></tr><tr><td style=\"white-space:nowrap\">83<a name=\"nsi-cs-1-2-643-5-1-13-13-11-1066-83\"> </a></td><td>Детская эндокринология</td></tr><tr><td style=\"white-space:nowrap\">84<a name=\"nsi-cs-1-2-643-5-1-13-13-11-1066-84\"> </a></td><td>Диетология</td></tr><tr><td style=\"white-space:nowrap\">85<a name=\"nsi-cs-1-2-643-5-1-13-13-11-1066-85\"> </a></td><td>Клиническая фармакология</td></tr><tr><td style=\"white-space:nowrap\">89<a name=\"nsi-cs-1-2-643-5-1-13-13-11-1066-89\"> </a></td><td>Нефрология</td></tr><tr><td style=\"white-space:nowrap\">90<a name=\"nsi-cs-1-2-643-5-1-13-13-11-1066-90\"> </a></td><td>Пульмонология</td></tr><tr><td style=\"white-space:nowrap\">91<a name=\"nsi-cs-1-2-643-5-1-13-13-11-1066-91\"> </a></td><td>Ревматология</td></tr><tr><td style=\"white-space:nowrap\">97<a name=\"nsi-cs-1-2-643-5-1-13-13-11-1066-97\"> </a></td><td>Психиатрия-наркология</td></tr><tr><td style=\"white-space:nowrap\">98<a name=\"nsi-cs-1-2-643-5-1-13-13-11-1066-98\"> </a></td><td>Психотерапия</td></tr><tr><td style=\"white-space:nowrap\">99<a name=\"nsi-cs-1-2-643-5-1-13-13-11-1066-99\"> </a></td><td>Сексология</td></tr><tr><td style=\"white-space:nowrap\">100<a name=\"nsi-cs-1-2-643-5-1-13-13-11-1066-100\"> </a></td><td>Судебно-психиатрическая экспертиза</td></tr><tr><td style=\"white-space:nowrap\">102<a name=\"nsi-cs-1-2-643-5-1-13-13-11-1066-102\"> </a></td><td>Радиология</td></tr><tr><td style=\"white-space:nowrap\">110<a name=\"nsi-cs-1-2-643-5-1-13-13-11-1066-110\"> </a></td><td>Авиационная и космическая медицина</td></tr><tr><td style=\"white-space:nowrap\">118<a name=\"nsi-cs-1-2-643-5-1-13-13-11-1066-118\"> </a></td><td>Кардиология</td></tr><tr><td style=\"white-space:nowrap\">124<a name=\"nsi-cs-1-2-643-5-1-13-13-11-1066-124\"> </a></td><td>Профпатология</td></tr><tr><td style=\"white-space:nowrap\">145<a name=\"nsi-cs-1-2-643-5-1-13-13-11-1066-145\"> </a></td><td>Урология</td></tr><tr><td style=\"white-space:nowrap\">150<a name=\"nsi-cs-1-2-643-5-1-13-13-11-1066-150\"> </a></td><td>Диабетология</td></tr><tr><td style=\"white-space:nowrap\">152<a name=\"nsi-cs-1-2-643-5-1-13-13-11-1066-152\"> </a></td><td>Общая гигиена</td></tr><tr><td style=\"white-space:nowrap\">153<a name=\"nsi-cs-1-2-643-5-1-13-13-11-1066-153\"> </a></td><td>Социальная гигиена и организация госсанэпидслужбы</td></tr><tr><td style=\"white-space:nowrap\">154<a name=\"nsi-cs-1-2-643-5-1-13-13-11-1066-154\"> </a></td><td>Эпидемиология</td></tr><tr><td style=\"white-space:nowrap\">159<a name=\"nsi-cs-1-2-643-5-1-13-13-11-1066-159\"> </a></td><td>Гигиена детей и подростков</td></tr><tr><td style=\"white-space:nowrap\">160<a name=\"nsi-cs-1-2-643-5-1-13-13-11-1066-160\"> </a></td><td>Гигиена питания</td></tr><tr><td style=\"white-space:nowrap\">161<a name=\"nsi-cs-1-2-643-5-1-13-13-11-1066-161\"> </a></td><td>Гигиена труда</td></tr><tr><td style=\"white-space:nowrap\">162<a name=\"nsi-cs-1-2-643-5-1-13-13-11-1066-162\"> </a></td><td>Гигиеническое воспитание</td></tr><tr><td style=\"white-space:nowrap\">163<a name=\"nsi-cs-1-2-643-5-1-13-13-11-1066-163\"> </a></td><td>Коммунальная гигиена</td></tr><tr><td style=\"white-space:nowrap\">164<a name=\"nsi-cs-1-2-643-5-1-13-13-11-1066-164\"> </a></td><td>Радиационная гигиена</td></tr><tr><td style=\"white-space:nowrap\">165<a name=\"nsi-cs-1-2-643-5-1-13-13-11-1066-165\"> </a></td><td>Санитарно-гигиенические лабораторные исследования</td></tr><tr><td style=\"white-space:nowrap\">169<a name=\"nsi-cs-1-2-643-5-1-13-13-11-1066-169\"> </a></td><td>Дезинфектология</td></tr><tr><td style=\"white-space:nowrap\">170<a name=\"nsi-cs-1-2-643-5-1-13-13-11-1066-170\"> </a></td><td>Паразитология</td></tr><tr><td style=\"white-space:nowrap\">171<a name=\"nsi-cs-1-2-643-5-1-13-13-11-1066-171\"> </a></td><td>Стоматология общей практики</td></tr><tr><td style=\"white-space:nowrap\">173<a name=\"nsi-cs-1-2-643-5-1-13-13-11-1066-173\"> </a></td><td>Ортодонтия</td></tr><tr><td style=\"white-space:nowrap\">174<a name=\"nsi-cs-1-2-643-5-1-13-13-11-1066-174\"> </a></td><td>Стоматология детская</td></tr><tr><td style=\"white-space:nowrap\">175<a name=\"nsi-cs-1-2-643-5-1-13-13-11-1066-175\"> </a></td><td>Стоматология ортопедическая</td></tr><tr><td style=\"white-space:nowrap\">176<a name=\"nsi-cs-1-2-643-5-1-13-13-11-1066-176\"> </a></td><td>Стоматология терапевтическая</td></tr><tr><td style=\"white-space:nowrap\">177<a name=\"nsi-cs-1-2-643-5-1-13-13-11-1066-177\"> </a></td><td>Стоматология хирургическая</td></tr><tr><td style=\"white-space:nowrap\">184<a name=\"nsi-cs-1-2-643-5-1-13-13-11-1066-184\"> </a></td><td>Управление и экономика фармации</td></tr><tr><td style=\"white-space:nowrap\">185<a name=\"nsi-cs-1-2-643-5-1-13-13-11-1066-185\"> </a></td><td>Фармацевтическая химия и фармакогнозия</td></tr><tr><td style=\"white-space:nowrap\">186<a name=\"nsi-cs-1-2-643-5-1-13-13-11-1066-186\"> </a></td><td>Управление сестринской деятельностью</td></tr><tr><td style=\"white-space:nowrap\">204<a name=\"nsi-cs-1-2-643-5-1-13-13-11-1066-204\"> </a></td><td>Средний медицинский персонал</td></tr><tr><td style=\"white-space:nowrap\">205<a name=\"nsi-cs-1-2-643-5-1-13-13-11-1066-205\"> </a></td><td>Организация сестринского дела</td></tr><tr><td style=\"white-space:nowrap\">206<a name=\"nsi-cs-1-2-643-5-1-13-13-11-1066-206\"> </a></td><td>Лечебное дело</td></tr><tr><td style=\"white-space:nowrap\">207<a name=\"nsi-cs-1-2-643-5-1-13-13-11-1066-207\"> </a></td><td>Акушерское дело</td></tr><tr><td style=\"white-space:nowrap\">208<a name=\"nsi-cs-1-2-643-5-1-13-13-11-1066-208\"> </a></td><td>Стоматология</td></tr><tr><td style=\"white-space:nowrap\">209<a name=\"nsi-cs-1-2-643-5-1-13-13-11-1066-209\"> </a></td><td>Стоматология ортопедическая</td></tr><tr><td style=\"white-space:nowrap\">210<a name=\"nsi-cs-1-2-643-5-1-13-13-11-1066-210\"> </a></td><td>Эпидемиология (паразитология)</td></tr><tr><td style=\"white-space:nowrap\">211<a name=\"nsi-cs-1-2-643-5-1-13-13-11-1066-211\"> </a></td><td>Гигиена и санитария</td></tr><tr><td style=\"white-space:nowrap\">212<a name=\"nsi-cs-1-2-643-5-1-13-13-11-1066-212\"> </a></td><td>Дезинфекционное дело</td></tr><tr><td style=\"white-space:nowrap\">213<a name=\"nsi-cs-1-2-643-5-1-13-13-11-1066-213\"> </a></td><td>Гигиеническое воспитание</td></tr><tr><td style=\"white-space:nowrap\">214<a name=\"nsi-cs-1-2-643-5-1-13-13-11-1066-214\"> </a></td><td>Энтомология</td></tr><tr><td style=\"white-space:nowrap\">215<a name=\"nsi-cs-1-2-643-5-1-13-13-11-1066-215\"> </a></td><td>Лабораторная диагностика</td></tr><tr><td style=\"white-space:nowrap\">216<a name=\"nsi-cs-1-2-643-5-1-13-13-11-1066-216\"> </a></td><td>Гистология</td></tr><tr><td style=\"white-space:nowrap\">217<a name=\"nsi-cs-1-2-643-5-1-13-13-11-1066-217\"> </a></td><td>Лабораторное дело</td></tr><tr><td style=\"white-space:nowrap\">218<a name=\"nsi-cs-1-2-643-5-1-13-13-11-1066-218\"> </a></td><td>Фармация</td></tr><tr><td style=\"white-space:nowrap\">219<a name=\"nsi-cs-1-2-643-5-1-13-13-11-1066-219\"> </a></td><td>Сестринское дело</td></tr><tr><td style=\"white-space:nowrap\">221<a name=\"nsi-cs-1-2-643-5-1-13-13-11-1066-221\"> </a></td><td>Сестринское дело в педиатрии</td></tr><tr><td style=\"white-space:nowrap\">222<a name=\"nsi-cs-1-2-643-5-1-13-13-11-1066-222\"> </a></td><td>Операционное дело</td></tr><tr><td style=\"white-space:nowrap\">223<a name=\"nsi-cs-1-2-643-5-1-13-13-11-1066-223\"> </a></td><td>Анестезиология и реаниматология</td></tr><tr><td style=\"white-space:nowrap\">224<a name=\"nsi-cs-1-2-643-5-1-13-13-11-1066-224\"> </a></td><td>Общая практика</td></tr><tr><td style=\"white-space:nowrap\">225<a name=\"nsi-cs-1-2-643-5-1-13-13-11-1066-225\"> </a></td><td>Рентгенология</td></tr><tr><td style=\"white-space:nowrap\">226<a name=\"nsi-cs-1-2-643-5-1-13-13-11-1066-226\"> </a></td><td>Функциональная диагностика</td></tr><tr><td style=\"white-space:nowrap\">227<a name=\"nsi-cs-1-2-643-5-1-13-13-11-1066-227\"> </a></td><td>Физиотерапия</td></tr><tr><td style=\"white-space:nowrap\">228<a name=\"nsi-cs-1-2-643-5-1-13-13-11-1066-228\"> </a></td><td>Медицинский массаж</td></tr><tr><td style=\"white-space:nowrap\">229<a name=\"nsi-cs-1-2-643-5-1-13-13-11-1066-229\"> </a></td><td>Фармацевтическая технология</td></tr><tr><td style=\"white-space:nowrap\">230<a name=\"nsi-cs-1-2-643-5-1-13-13-11-1066-230\"> </a></td><td>Лечебная физкультура</td></tr><tr><td style=\"white-space:nowrap\">231<a name=\"nsi-cs-1-2-643-5-1-13-13-11-1066-231\"> </a></td><td>Диетология</td></tr><tr><td style=\"white-space:nowrap\">232<a name=\"nsi-cs-1-2-643-5-1-13-13-11-1066-232\"> </a></td><td>Медицинская статистика</td></tr><tr><td style=\"white-space:nowrap\">233<a name=\"nsi-cs-1-2-643-5-1-13-13-11-1066-233\"> </a></td><td>Стоматология профилактическая</td></tr><tr><td style=\"white-space:nowrap\">234<a name=\"nsi-cs-1-2-643-5-1-13-13-11-1066-234\"> </a></td><td>Судебно-медицинская экспертиза</td></tr><tr><td style=\"white-space:nowrap\">235<a name=\"nsi-cs-1-2-643-5-1-13-13-11-1066-235\"> </a></td><td>Медицинская оптика</td></tr><tr><td style=\"white-space:nowrap\">236<a name=\"nsi-cs-1-2-643-5-1-13-13-11-1066-236\"> </a></td><td>Медико-социальная экспертиза</td></tr><tr><td style=\"white-space:nowrap\">247<a name=\"nsi-cs-1-2-643-5-1-13-13-11-1066-247\"> </a></td><td>Пластическая хирургия</td></tr><tr><td style=\"white-space:nowrap\">248<a name=\"nsi-cs-1-2-643-5-1-13-13-11-1066-248\"> </a></td><td>Рентгенэндоваскулярные диагностика и лечение</td></tr><tr><td style=\"white-space:nowrap\">252<a name=\"nsi-cs-1-2-643-5-1-13-13-11-1066-252\"> </a></td><td>Косметология</td></tr><tr><td style=\"white-space:nowrap\">256<a name=\"nsi-cs-1-2-643-5-1-13-13-11-1066-256\"> </a></td><td>Водолазная медицина</td></tr><tr><td style=\"white-space:nowrap\">269<a name=\"nsi-cs-1-2-643-5-1-13-13-11-1066-269\"> </a></td><td>Медицинская кибернетика</td></tr><tr><td style=\"white-space:nowrap\">279<a name=\"nsi-cs-1-2-643-5-1-13-13-11-1066-279\"> </a></td><td>Медико-социальная помощь</td></tr><tr><td style=\"white-space:nowrap\">280<a name=\"nsi-cs-1-2-643-5-1-13-13-11-1066-280\"> </a></td><td>Наркология</td></tr><tr><td style=\"white-space:nowrap\">281<a name=\"nsi-cs-1-2-643-5-1-13-13-11-1066-281\"> </a></td><td>Реабилитационное сестринское дело</td></tr><tr><td style=\"white-space:nowrap\">282<a name=\"nsi-cs-1-2-643-5-1-13-13-11-1066-282\"> </a></td><td>Сестринское дело в косметологии</td></tr><tr><td style=\"white-space:nowrap\">283<a name=\"nsi-cs-1-2-643-5-1-13-13-11-1066-283\"> </a></td><td>Скорая и неотложная помощь</td></tr><tr><td style=\"white-space:nowrap\">284<a name=\"nsi-cs-1-2-643-5-1-13-13-11-1066-284\"> </a></td><td>Бактериология</td></tr><tr><td style=\"white-space:nowrap\">285<a name=\"nsi-cs-1-2-643-5-1-13-13-11-1066-285\"> </a></td><td>Радиотерапия</td></tr><tr><td style=\"white-space:nowrap\">287<a name=\"nsi-cs-1-2-643-5-1-13-13-11-1066-287\"> </a></td><td>Остеопатия</td></tr><tr><td style=\"white-space:nowrap\">288<a name=\"nsi-cs-1-2-643-5-1-13-13-11-1066-288\"> </a></td><td>Детская онкология-гематология</td></tr><tr><td style=\"white-space:nowrap\">289<a name=\"nsi-cs-1-2-643-5-1-13-13-11-1066-289\"> </a></td><td>Медицинская микробиология</td></tr><tr><td style=\"white-space:nowrap\">290<a name=\"nsi-cs-1-2-643-5-1-13-13-11-1066-290\"> </a></td><td>Физическая и реабилитационная медицина</td></tr></table></div>"
  },
  "url": "https://nsi.rosminzdrav.ru/#!/refbook/1.2.643.5.1.13.13.11.1066",
  "identifier": [
    {
      "system": "urn:ietf:rfc:3986",
      "value": "urn:oid:1.2.643.5.1.13.13.11.1066"
    }
  ],
  "version": "5.3",
  "name": "Nsi_cs_1_2_643_5_1_13_13_11_1066",
  "title": "Номенклатура специальностей специалистов, имеющих медицинское и фармацевтическое образование",
  "status": "active",
  "date": "2021-11-03T16:53:54+03:00",
  "contact": [
    {
      "name": "см. паспорт справочника на ФНСИ",
      "telecom": [
        {
          "system": "email",
          "value": "см. паспорт справочника на ФНСИ"
        }
      ]
    }
  ],
  "description": "Справочник ФНСИ:  \n'Номенклатура специальностей специалистов, имеющих медицинское и фармацевтическое образование'  \nверсия '5.3'  \n[1.2.643.5.1.13.13.11.1066](https://nsi.rosminzdrav.ru/#!/refbook/1.2.643.5.1.13.13.11.1066/version/5.3)",
  "content": "complete",
  "count": 146,
  "concept": [
    {
      "code": "0",
      "display": "Врачебные специальности"
    },
    {
      "code": "1",
      "display": "Лечебное дело"
    },
    {
      "code": "2",
      "display": "Медико-профилактическое дело"
    },
    {
      "code": "3",
      "display": "Стоматология"
    },
    {
      "code": "4",
      "display": "Фармация"
    },
    {
      "code": "5",
      "display": "Сестринское дело"
    },
    {
      "code": "6",
      "display": "Медицинская биохимия"
    },
    {
      "code": "7",
      "display": "Медицинская биофизика"
    },
    {
      "code": "8",
      "display": "Акушерство и гинекология"
    },
    {
      "code": "9",
      "display": "Анестезиология-реаниматология"
    },
    {
      "code": "10",
      "display": "Дерматовенерология"
    },
    {
      "code": "11",
      "display": "Детская хирургия"
    },
    {
      "code": "12",
      "display": "Генетика"
    },
    {
      "code": "13",
      "display": "Клиническая лабораторная диагностика"
    },
    {
      "code": "14",
      "display": "Неврология"
    },
    {
      "code": "15",
      "display": "Неонатология"
    },
    {
      "code": "16",
      "display": "Общая врачебная практика (семейная медицина)"
    },
    {
      "code": "17",
      "display": "Онкология"
    },
    {
      "code": "18",
      "display": "Организация здравоохранения и общественное здоровье"
    },
    {
      "code": "19",
      "display": "Оториноларингология"
    },
    {
      "code": "20",
      "display": "Офтальмология"
    },
    {
      "code": "21",
      "display": "Патологическая анатомия"
    },
    {
      "code": "22",
      "display": "Педиатрия"
    },
    {
      "code": "23",
      "display": "Психиатрия"
    },
    {
      "code": "24",
      "display": "Рентгенология"
    },
    {
      "code": "25",
      "display": "Скорая медицинская помощь"
    },
    {
      "code": "26",
      "display": "Судебно-медицинская экспертиза"
    },
    {
      "code": "27",
      "display": "Терапия"
    },
    {
      "code": "28",
      "display": "Травматология и ортопедия"
    },
    {
      "code": "29",
      "display": "Фтизиатрия"
    },
    {
      "code": "30",
      "display": "Хирургия"
    },
    {
      "code": "31",
      "display": "Эндокринология"
    },
    {
      "code": "32",
      "display": "Инфекционные болезни"
    },
    {
      "code": "33",
      "display": "Ультразвуковая диагностика"
    },
    {
      "code": "34",
      "display": "Физиотерапия"
    },
    {
      "code": "35",
      "display": "Функциональная диагностика"
    },
    {
      "code": "36",
      "display": "Эндоскопия"
    },
    {
      "code": "37",
      "display": "Токсикология"
    },
    {
      "code": "38",
      "display": "Трансфузиология"
    },
    {
      "code": "40",
      "display": "Клиническая микология"
    },
    {
      "code": "41",
      "display": "Детская онкология"
    },
    {
      "code": "42",
      "display": "Детская урология - андрология"
    },
    {
      "code": "43",
      "display": "Колопроктология"
    },
    {
      "code": "44",
      "display": "Нейрохирургия"
    },
    {
      "code": "45",
      "display": "Сердечно-сосудистая хирургия"
    },
    {
      "code": "46",
      "display": "Торакальная хирургия"
    },
    {
      "code": "50",
      "display": "Челюстно-лицевая хирургия"
    },
    {
      "code": "52",
      "display": "Лабораторная генетика"
    },
    {
      "code": "54",
      "display": "Бактериология"
    },
    {
      "code": "55",
      "display": "Вирусология"
    },
    {
      "code": "57",
      "display": "Лабораторная микология"
    },
    {
      "code": "58",
      "display": "Восстановительная медицина"
    },
    {
      "code": "59",
      "display": "Лечебная физкультура и спортивная медицина"
    },
    {
      "code": "61",
      "display": "Мануальная терапия"
    },
    {
      "code": "62",
      "display": "Рефлексотерапия"
    },
    {
      "code": "66",
      "display": "Гериатрия"
    },
    {
      "code": "75",
      "display": "Сурдология - оториноларингология"
    },
    {
      "code": "77",
      "display": "Аллергология и иммунология"
    },
    {
      "code": "79",
      "display": "Гастроэнтерология"
    },
    {
      "code": "80",
      "display": "Гематология"
    },
    {
      "code": "81",
      "display": "Детская кардиология"
    },
    {
      "code": "83",
      "display": "Детская эндокринология"
    },
    {
      "code": "84",
      "display": "Диетология"
    },
    {
      "code": "85",
      "display": "Клиническая фармакология"
    },
    {
      "code": "89",
      "display": "Нефрология"
    },
    {
      "code": "90",
      "display": "Пульмонология"
    },
    {
      "code": "91",
      "display": "Ревматология"
    },
    {
      "code": "97",
      "display": "Психиатрия-наркология"
    },
    {
      "code": "98",
      "display": "Психотерапия"
    },
    {
      "code": "99",
      "display": "Сексология"
    },
    {
      "code": "100",
      "display": "Судебно-психиатрическая экспертиза"
    },
    {
      "code": "102",
      "display": "Радиология"
    },
    {
      "code": "110",
      "display": "Авиационная и космическая медицина"
    },
    {
      "code": "118",
      "display": "Кардиология"
    },
    {
      "code": "124",
      "display": "Профпатология"
    },
    {
      "code": "145",
      "display": "Урология"
    },
    {
      "code": "150",
      "display": "Диабетология"
    },
    {
      "code": "152",
      "display": "Общая гигиена"
    },
    {
      "code": "153",
      "display": "Социальная гигиена и организация госсанэпидслужбы"
    },
    {
      "code": "154",
      "display": "Эпидемиология"
    },
    {
      "code": "159",
      "display": "Гигиена детей и подростков"
    },
    {
      "code": "160",
      "display": "Гигиена питания"
    },
    {
      "code": "161",
      "display": "Гигиена труда"
    },
    {
      "code": "162",
      "display": "Гигиеническое воспитание"
    },
    {
      "code": "163",
      "display": "Коммунальная гигиена"
    },
    {
      "code": "164",
      "display": "Радиационная гигиена"
    },
    {
      "code": "165",
      "display": "Санитарно-гигиенические лабораторные исследования"
    },
    {
      "code": "169",
      "display": "Дезинфектология"
    },
    {
      "code": "170",
      "display": "Паразитология"
    },
    {
      "code": "171",
      "display": "Стоматология общей практики"
    },
    {
      "code": "173",
      "display": "Ортодонтия"
    },
    {
      "code": "174",
      "display": "Стоматология детская"
    },
    {
      "code": "175",
      "display": "Стоматология ортопедическая"
    },
    {
      "code": "176",
      "display": "Стоматология терапевтическая"
    },
    {
      "code": "177",
      "display": "Стоматология хирургическая"
    },
    {
      "code": "184",
      "display": "Управление и экономика фармации"
    },
    {
      "code": "185",
      "display": "Фармацевтическая химия и фармакогнозия"
    },
    {
      "code": "186",
      "display": "Управление сестринской деятельностью"
    },
    {
      "code": "204",
      "display": "Средний медицинский персонал"
    },
    {
      "code": "205",
      "display": "Организация сестринского дела"
    },
    {
      "code": "206",
      "display": "Лечебное дело"
    },
    {
      "code": "207",
      "display": "Акушерское дело"
    },
    {
      "code": "208",
      "display": "Стоматология"
    },
    {
      "code": "209",
      "display": "Стоматология ортопедическая"
    },
    {
      "code": "210",
      "display": "Эпидемиология (паразитология)"
    },
    {
      "code": "211",
      "display": "Гигиена и санитария"
    },
    {
      "code": "212",
      "display": "Дезинфекционное дело"
    },
    {
      "code": "213",
      "display": "Гигиеническое воспитание"
    },
    {
      "code": "214",
      "display": "Энтомология"
    },
    {
      "code": "215",
      "display": "Лабораторная диагностика"
    },
    {
      "code": "216",
      "display": "Гистология"
    },
    {
      "code": "217",
      "display": "Лабораторное дело"
    },
    {
      "code": "218",
      "display": "Фармация"
    },
    {
      "code": "219",
      "display": "Сестринское дело"
    },
    {
      "code": "221",
      "display": "Сестринское дело в педиатрии"
    },
    {
      "code": "222",
      "display": "Операционное дело"
    },
    {
      "code": "223",
      "display": "Анестезиология и реаниматология"
    },
    {
      "code": "224",
      "display": "Общая практика"
    },
    {
      "code": "225",
      "display": "Рентгенология"
    },
    {
      "code": "226",
      "display": "Функциональная диагностика"
    },
    {
      "code": "227",
      "display": "Физиотерапия"
    },
    {
      "code": "228",
      "display": "Медицинский массаж"
    },
    {
      "code": "229",
      "display": "Фармацевтическая технология"
    },
    {
      "code": "230",
      "display": "Лечебная физкультура"
    },
    {
      "code": "231",
      "display": "Диетология"
    },
    {
      "code": "232",
      "display": "Медицинская статистика"
    },
    {
      "code": "233",
      "display": "Стоматология профилактическая"
    },
    {
      "code": "234",
      "display": "Судебно-медицинская экспертиза"
    },
    {
      "code": "235",
      "display": "Медицинская оптика"
    },
    {
      "code": "236",
      "display": "Медико-социальная экспертиза"
    },
    {
      "code": "247",
      "display": "Пластическая хирургия"
    },
    {
      "code": "248",
      "display": "Рентгенэндоваскулярные диагностика и лечение"
    },
    {
      "code": "252",
      "display": "Косметология"
    },
    {
      "code": "256",
      "display": "Водолазная медицина"
    },
    {
      "code": "269",
      "display": "Медицинская кибернетика"
    },
    {
      "code": "279",
      "display": "Медико-социальная помощь"
    },
    {
      "code": "280",
      "display": "Наркология"
    },
    {
      "code": "281",
      "display": "Реабилитационное сестринское дело"
    },
    {
      "code": "282",
      "display": "Сестринское дело в косметологии"
    },
    {
      "code": "283",
      "display": "Скорая и неотложная помощь"
    },
    {
      "code": "284",
      "display": "Бактериология"
    },
    {
      "code": "285",
      "display": "Радиотерапия"
    },
    {
      "code": "287",
      "display": "Остеопатия"
    },
    {
      "code": "288",
      "display": "Детская онкология-гематология"
    },
    {
      "code": "289",
      "display": "Медицинская микробиология"
    },
    {
      "code": "290",
      "display": "Физическая и реабилитационная медицина"
    }
  ]
}