{
  "resourceType": "Composition",
  "id": "Instance-miramedix-mosreg-composition-diag-main-anamnesis-1",
  "meta": {
    "profile": [
      "http://miramedix.ru/fhir/StructureDefinition/miramedix-mosreg-composition-diag-main-anamnesis"
    ]
  },
  "text": {
    "status": "generated",
    "div": "<div xmlns=\"http://www.w3.org/1999/xhtml\"><p><b>Generated Narrative</b></p><p><b>status</b>: preliminary</p><p><b>type</b>: <span title=\"Codes: {http://miramedix.ru/fhir/CodeSystem/entity-type anamnesis-morbi}\">Анамнез заболевания</span></p><p><b>date</b>: 01.02.2021 13:19:27</p><p><b>author</b>: <span></span></p><p><b>title</b>: Анамнез заболевания к заявке на консилиум</p></div>"
  },
  "status": "preliminary",
  "type": {
    "coding": [
      {
        "system": "http://miramedix.ru/fhir/CodeSystem/entity-type",
        "code": "anamnesis-morbi",
        "display": "Анамнез заболевания"
      }
    ]
  },
  "subject": {
    "identifier": {
      "system": "urn:oid:1.2.643.100.3",
      "value": "123-456-789 09"
    }
  },
  "date": "2021-02-01T10:19:27.585Z",
  "author": [
    {
      "identifier": {
        "system": "urn:mosreg:entity:practitionerrole",
        "value": "914c0410-959f-49d6-b99b-9d7a9d285c11"
      }
    }
  ],
  "title": "Анамнез заболевания к заявке на консилиум",
  "section": [
    {
      "code": {
        "coding": [
          {
            "system": "urn:mmdx:internal:section",
            "code": "anamnesis-morbi",
            "display": "Анамнез заболевания"
          }
        ]
      },
      "text": {
        "status": "additional",
        "div": "<div xmlns=\"http://www.w3.org/1999/xhtml\"><p>Считает себя больным с осени 2011 г., когда впервые после еды появились ноющие боли в эпигастральной области, изжога. К врачу не обращался, самостоятельно соблюдал диету, при изжоге принимал соду. Через неделю после приема алкоголя возобновились боли в эпигастральной области, изжога, горечь во рту. Обратился к врачу-гастроэнтерологу в поликлинике. Обследован (фиброгастродуоденоскопия – язвенная болезнь 12-перстной кишки) и направлен на стационарное лечение во 2-ю ГКБ. После стационарного лечения с выздоровлением был выписан в удовлетворительном состоянии. На протяжении последних двух лет соблюдал диету, принимал альмагель, де-нол. С 2013 года ежегодно в осенний период проходит курс стационарного лечения по поводу обострения язвенной болезни 12-перстной кишки. Последнее ухудшение наступило в октябре 2015 г., когда после систематических физических и нервно-психических нагрузок усилились боли в эпигастральной области, сопровождающиеся изжогой; повысилась утомляемость, снизилась работоспособность, появился жидкий, неоформленный черный стул. После обращения к врачу в поликлинику по месту жительства был проконсультирован хирургом, вызвана машина скорой и неотложной помощи, и больной с диагнозом острое желудочно-кишечное кровотечение на фоне язвенной болезни 12-перстной кишки направлен в хирургическое отделение 2-й ХГКБ.</p></div>"
      }
    }
  ]
}