<?xml version="1.0" encoding="UTF-8"?>

<DocumentManifest xmlns="http://hl7.org/fhir">
  <id value="f4309c2e-1800-43ac-85d6-1f026432efd3"/>
  <meta>
    <profile value="http://miramedix.ru/fhir/StructureDefinition/miramedix-mosreg-documentmanifest"/>
  </meta>
  <text>
    <status value="generated"/><div xmlns="http://www.w3.org/1999/xhtml"><p><b>Generated Narrative</b></p><p><b>status</b>: current</p><p><b>subject</b>: <span></span></p><p><b>content</b>: </p><ul><li><a href="06c621d4-19ae-4804-8019-4e3b93497e98">Протокол онкологического консилиума [PDF]</a></li><li><a href="cb1756a3-8bf6-4c47-b098-8778c31d237f">Протокол онкологического консилиума [FHIR]</a></li></ul></div>
  </text>
  <status value="current"/>
  <subject>
    <identifier>
      <system value="urn:oid:1.2.643.100.3"/>
      <value value="123-456-789 09"/>
    </identifier>
  </subject>
  <content>
    <reference value="06c621d4-19ae-4804-8019-4e3b93497e98"/>
    <type value="DocumentReference"/>
    <display value="Протокол онкологического консилиума [PDF]"/>
  </content>
  <content>
    <reference value="cb1756a3-8bf6-4c47-b098-8778c31d237f"/>
    <type value="Composition"/>
    <display value="Протокол онкологического консилиума [FHIR]"/>
  </content>
</DocumentManifest>