{
  "resourceType": "Practitioner",
  "id": "Instance-practitioner-Adamov",
  "meta": {
    "profile": [
      "http://miramedix.ru/fhir/StructureDefinition/miramedix-mosreg-practitioner"
    ]
  },
  "text": {
    "status": "generated",
    "div": "<div xmlns=\"http://www.w3.org/1999/xhtml\"><p><b>Generated Narrative</b></p><p><b>identifier</b>: Employee number: 123 (USUAL), Логин сотрудника: adamovaa@org.ru (USUAL), СНИЛС: 261-698-042-95 (OFFICIAL)</p><p><b>name</b>: Адам Адамович Адамов (OFFICIAL)</p><p><b>telecom</b>: <a href=\"tel:+7(902)666-55-33\">+7 (902) 666-55-33</a></p><p><b>gender</b>: male</p><p><b>birthDate</b>: 1970-01-01</p></div>"
  },
  "identifier": [
    {
      "use": "usual",
      "type": {
        "coding": [
          {
            "system": "http://terminology.hl7.org/CodeSystem/v2-0203",
            "code": "EI",
            "display": "Employee number"
          }
        ]
      },
      "system": "urn:mosreg:entity:practitioner",
      "value": "123"
    },
    {
      "use": "usual",
      "type": {
        "coding": [
          {
            "system": "http://miramedix.ru/fhir/CodeSystem/miramedix-cs-identifier-type",
            "code": "employee-login",
            "display": "Логин сотрудника"
          }
        ]
      },
      "system": "urn:mosreg:identifier:user:id",
      "value": "adamovaa@org.ru"
    },
    {
      "use": "official",
      "type": {
        "coding": [
          {
            "system": "http://miramedix.ru/fhir/CodeSystem/miramedix-cs-identifier-type",
            "code": "snils",
            "display": "СНИЛС"
          }
        ]
      },
      "system": "urn:oid:1.2.643.100.3",
      "value": "261-698-042-95"
    }
  ],
  "name": [
    {
      "use": "official",
      "family": "Адамов",
      "given": [
        "Адам",
        "Адамович"
      ]
    }
  ],
  "telecom": [
    {
      "system": "phone",
      "value": "+7 (902) 666-55-33"
    }
  ],
  "gender": "male",
  "_gender": {
    "extension": [
      {
        "url": "http://miramedix.ru/fhir/Extension/miramedix-ex-nsi-gender",
        "valueCoding": {
          "system": "https://nsi.rosminzdrav.ru/#!/refbook/1.2.643.5.1.13.13.11.1040",
          "version": "2.1",
          "code": "1",
          "display": "Мужской"
        }
      }
    ]
  },
  "birthDate": "1970-01-01"
}