<?xml version="1.0" encoding="UTF-8"?>

<PractitionerRole xmlns="http://hl7.org/fhir">
  <id value="Instance-practitionerrole-Oncologist"/>
  <meta>
    <profile value="http://miramedix.ru/fhir/StructureDefinition/miramedix-mosreg-practitionerrole"/>
  </meta>
  <text>
    <status value="generated"/><div xmlns="http://www.w3.org/1999/xhtml"><p><b>Generated Narrative</b></p><p><b>identifier</b>: id: 914c0410-959f-49d6-b99b-9d7a9d285c11</p><p><b>practitioner</b>: <span></span></p><p><b>organization</b>: <span></span></p><p><b>code</b>: <span title="Codes: {https://nsi.rosminzdrav.ru/#!/refbook/1.2.643.5.1.13.13.11.1002 50}">врач-онколог</span></p><p><b>specialty</b>: <span title="Codes: {https://nsi.rosminzdrav.ru/#!/refbook/1.2.643.5.1.13.13.11.1066 17}">Онкология</span></p></div>
  </text>
  <identifier>
    <system value="urn:mosreg:entity:practitionerrole"/>
    <value value="914c0410-959f-49d6-b99b-9d7a9d285c11"/>
  </identifier>
  <practitioner>
    <identifier>
      <system value="urn:mosreg:entity:practitioner"/>
      <value value="123"/>
    </identifier>
  </practitioner>
  <organization>
    <identifier>
      <system value="urn:ietf:rfc:3986"/>
      <value value="urn:oid:1.2.643.5.1.13.13.12.2.50.11329"/>
    </identifier>
  </organization>
  <code>
    <coding>
      <system value="https://nsi.rosminzdrav.ru/#!/refbook/1.2.643.5.1.13.13.11.1002"/>
      <code value="50"/>
      <display value="врач-онколог"/>
    </coding>
  </code>
  <specialty>
    <coding>
      <system value="https://nsi.rosminzdrav.ru/#!/refbook/1.2.643.5.1.13.13.11.1066"/>
      <code value="17"/>
      <display value="Онкология"/>
    </coding>
  </specialty>
</PractitionerRole>