{
  "resourceType": "PractitionerRole",
  "id": "Instance-practitionerrole-Oncologist",
  "meta": {
    "profile": [
      "http://miramedix.ru/fhir/StructureDefinition/miramedix-mosreg-practitionerrole"
    ]
  },
  "text": {
    "status": "generated",
    "div": "<div xmlns=\"http://www.w3.org/1999/xhtml\"><p><b>Generated Narrative</b></p><p><b>identifier</b>: id: 914c0410-959f-49d6-b99b-9d7a9d285c11</p><p><b>practitioner</b>: <span></span></p><p><b>organization</b>: <span></span></p><p><b>code</b>: <span title=\"Codes: {https://nsi.rosminzdrav.ru/#!/refbook/1.2.643.5.1.13.13.11.1002 50}\">врач-онколог</span></p><p><b>specialty</b>: <span title=\"Codes: {https://nsi.rosminzdrav.ru/#!/refbook/1.2.643.5.1.13.13.11.1066 17}\">Онкология</span></p></div>"
  },
  "identifier": [
    {
      "system": "urn:mosreg:entity:practitionerrole",
      "value": "914c0410-959f-49d6-b99b-9d7a9d285c11"
    }
  ],
  "practitioner": {
    "identifier": {
      "system": "urn:mosreg:entity:practitioner",
      "value": "123"
    }
  },
  "organization": {
    "identifier": {
      "system": "urn:ietf:rfc:3986",
      "value": "urn:oid:1.2.643.5.1.13.13.12.2.50.11329"
    }
  },
  "code": [
    {
      "coding": [
        {
          "system": "https://nsi.rosminzdrav.ru/#!/refbook/1.2.643.5.1.13.13.11.1002",
          "code": "50",
          "display": "врач-онколог"
        }
      ]
    }
  ],
  "specialty": [
    {
      "coding": [
        {
          "system": "https://nsi.rosminzdrav.ru/#!/refbook/1.2.643.5.1.13.13.11.1066",
          "code": "17",
          "display": "Онкология"
        }
      ]
    }
  ]
}