<?xml version="1.0" encoding="UTF-8"?>

<ServiceRequest xmlns="http://hl7.org/fhir">
  <id value="Instance-miramedix-mosreg-servicerequest-1"/>
  <meta>
    <profile value="http://miramedix.ru/fhir/StructureDefinition/miramedix-mosreg-servicerequest"/>
  </meta>
  <text>
    <status value="generated"/><div xmlns="http://www.w3.org/1999/xhtml"><p><b>Generated Narrative</b></p><p><b>status</b>: draft</p><p><b>intent</b>: proposal</p><p><b>subject</b>: <span></span></p><p><b>authoredOn</b>: 23.09.2021 19:47:20</p><p><b>reasonCode</b>: <span title="Codes: {https://nsi.rosminzdrav.ru/#!/refbook/1.2.643.5.1.13.13.11.1506 5}">Определение тактики лечения</span></p></div>
  </text>
  <status value="draft"/>
  <intent value="proposal"/>
  <subject>
    <identifier>
      <system value="urn:oid:1.2.643.100.3"/>
      <value value="123-456-789 09"/>
    </identifier>
  </subject>
  <authoredOn value="2021-09-23T16:47:20.781Z"/>
  <reasonCode>
    <coding>
      <system value="https://nsi.rosminzdrav.ru/#!/refbook/1.2.643.5.1.13.13.11.1506"/>
      <code value="5"/>
      <display value="Определение тактики лечения"/>
    </coding>
    <text value="Определение тактики лечения"/>
  </reasonCode>
</ServiceRequest>