<?xml version="1.0" encoding="UTF-8"?><CodeSystem xmlns="http://hl7.org/fhir"><id value="nsi-cs-1-2-643-5-1-13-13-11-1506"/><text><status value="generated"/><div xmlns="http://www.w3.org/1999/xhtml"><p><b>Properties</b></p><table class="grid"><tr><td><b>Code</b></td><td><b>URL</b></td><td><b>Description</b></td><td><b>Type</b></td></tr><tr><td>ID</td><td/><td>Код</td><td>string</td></tr><tr><td>NAME</td><td/><td>Наименование</td><td>string</td></tr></table><p>This code system https://nsi.rosminzdrav.ru/#!/refbook/1.2.643.5.1.13.13.11.1506 defines the following codes:</p><table class="codes"><tr><td style="white-space:nowrap"><b>Code</b></td><td><b>Display</b></td></tr><tr><td style="white-space:nowrap">1<a name="nsi-cs-1-2-643-5-1-13-13-11-1506-1"> </a></td><td>Установление состояния здоровья пациента</td></tr><tr><td style="white-space:nowrap">2<a name="nsi-cs-1-2-643-5-1-13-13-11-1506-2"> </a></td><td>Установление диагноза</td></tr><tr><td style="white-space:nowrap">3<a name="nsi-cs-1-2-643-5-1-13-13-11-1506-3"> </a></td><td>Определение (медицинского) прогноза</td></tr><tr><td style="white-space:nowrap">4<a name="nsi-cs-1-2-643-5-1-13-13-11-1506-4"> </a></td><td>Определение тактики медицинского обследования</td></tr><tr><td style="white-space:nowrap">5<a name="nsi-cs-1-2-643-5-1-13-13-11-1506-5"> </a></td><td>Определение тактики лечения</td></tr><tr><td style="white-space:nowrap">6<a name="nsi-cs-1-2-643-5-1-13-13-11-1506-6"> </a></td><td>Определение целесообразности направления в специализированные отделения медицинской организации</td></tr><tr><td style="white-space:nowrap">7<a name="nsi-cs-1-2-643-5-1-13-13-11-1506-7"> </a></td><td>Определение целесообразности направления в другую медицинскую организацию</td></tr><tr><td style="white-space:nowrap">8<a name="nsi-cs-1-2-643-5-1-13-13-11-1506-8"> </a></td><td>Установление диагноза смерти мозга</td></tr><tr><td style="white-space:nowrap">9<a name="nsi-cs-1-2-643-5-1-13-13-11-1506-9"> </a></td><td>Решение о медицинском вмешательстве без согласия гражданина</td></tr><tr><td style="white-space:nowrap">10<a name="nsi-cs-1-2-643-5-1-13-13-11-1506-10"> </a></td><td>Решение по иным медицинским вопросам / решение иных вопросов</td></tr><tr><td style="white-space:nowrap">11<a name="nsi-cs-1-2-643-5-1-13-13-11-1506-11"> </a></td><td>Решение об оказания паллиативной медицинской помощи взрослым</td></tr><tr><td style="white-space:nowrap">12<a name="nsi-cs-1-2-643-5-1-13-13-11-1506-12"> </a></td><td>Медицинский отбор и направление на санаторно-курортное лечение</td></tr><tr><td style="white-space:nowrap">13<a name="nsi-cs-1-2-643-5-1-13-13-11-1506-13"> </a></td><td>Экспертиза временной нетрудоспособности</td></tr><tr><td style="white-space:nowrap">14<a name="nsi-cs-1-2-643-5-1-13-13-11-1506-14"> </a></td><td>Экспертиза профессиональной пригодности и связи заболевания с профессией</td></tr><tr><td style="white-space:nowrap">15<a name="nsi-cs-1-2-643-5-1-13-13-11-1506-15"> </a></td><td>Назначение и применение лекарственных препаратов, в том числе не входящих в соответствующий стандарт медицинской помощи или не предусмотренных соответствующей клинической рекомендацией</td></tr><tr><td style="white-space:nowrap">16<a name="nsi-cs-1-2-643-5-1-13-13-11-1506-16"> </a></td><td>Назначение и применение медицинских изделий, в том числе не входящих в соответствующий стандарт медицинской помощи или не предусмотренных соответствующей клинической рекомендацией</td></tr><tr><td style="white-space:nowrap">17<a name="nsi-cs-1-2-643-5-1-13-13-11-1506-17"> </a></td><td>Назначение и применение специализированных продуктов лечебного питания, в том числе не входящих в соответствующий стандарт медицинской помощи или не предусмотренных соответствующей клинической рекомендацией</td></tr><tr><td style="white-space:nowrap">18<a name="nsi-cs-1-2-643-5-1-13-13-11-1506-18"> </a></td><td>Заключение о необходимости трансплантации органа и (или) ткани и о включении пациента в лист ожидания трансплантации трупного органа и (или) ткани</td></tr><tr><td style="white-space:nowrap">19<a name="nsi-cs-1-2-643-5-1-13-13-11-1506-19"> </a></td><td>Заключение о необходимости трансплантации костного мозга или гемопоэтических стволовых клеток</td></tr><tr><td style="white-space:nowrap">20<a name="nsi-cs-1-2-643-5-1-13-13-11-1506-20"> </a></td><td>Решение об изъятии органов и тканей для трансплантации (пересадки) у живого донора</td></tr><tr><td style="white-space:nowrap">21<a name="nsi-cs-1-2-643-5-1-13-13-11-1506-21"> </a></td><td>Отбор пациентов на оказание высокотехнологичной медицинской помощи</td></tr><tr><td style="white-space:nowrap">22<a name="nsi-cs-1-2-643-5-1-13-13-11-1506-22"> </a></td><td>Отбор пациентов на медицинскую реабилитацию</td></tr><tr><td style="white-space:nowrap">23<a name="nsi-cs-1-2-643-5-1-13-13-11-1506-23"> </a></td><td>Определение нуждаемости ветерана в обеспечении протезами (кроме зубных протезов), протезно-ортопедическими изделиями</td></tr><tr><td style="white-space:nowrap">24<a name="nsi-cs-1-2-643-5-1-13-13-11-1506-24"> </a></td><td>Рассмотрение врачебной комиссией федерального учреждения здравоохранения медицинских документов отдельных категорий граждан  для решения вопроса о внеочередном оказании им медицинской помощи</td></tr><tr><td style="white-space:nowrap">25<a name="nsi-cs-1-2-643-5-1-13-13-11-1506-25"> </a></td><td>Изменение тактики лечения</td></tr><tr><td style="white-space:nowrap">26<a name="nsi-cs-1-2-643-5-1-13-13-11-1506-26"> </a></td><td>Определение целесообразности госпитализации</td></tr></table></div></text><url value="https://nsi.rosminzdrav.ru/#!/refbook/1.2.643.5.1.13.13.11.1506"/><identifier><system value="urn:ietf:rfc:3986"/><value value="urn:oid:1.2.643.5.1.13.13.11.1506"/></identifier><version value="1.3"/><name value="Nsi_cs_1_2_643_5_1_13_13_11_1506"/><title value="Цели проведения врачебной комиссии (консилиума врачей)"/><status value="active"/><date value="2021-10-21T16:57:10+03:00"/><contact><name value="РС ФГБУ «ЦНИИОИЗ» Минздрава России"/><telecom><system value="email"/><value value="egisz@rt-eu.ru"/></telecom></contact><description value="Справочник ФНСИ:  &#xA;&#39;Цели проведения врачебной комиссии (консилиума врачей)&#39;  &#xA;версия &#39;1.3&#39;  &#xA;[1.2.643.5.1.13.13.11.1506](https://nsi.rosminzdrav.ru/#!/refbook/1.2.643.5.1.13.13.11.1506/version/1.3)"/><content value="complete"/><count value="26"/><property><code value="ID"/><description value="Код"/><type value="string"/></property><property><code value="NAME"/><description value="Наименование"/><type value="string"/></property><concept><code value="1"/><display value="Установление состояния здоровья пациента"/><property><code value="ID"/><valueString value="1"/></property><property><code value="NAME"/><valueString value="Установление состояния здоровья пациента"/></property></concept><concept><code value="2"/><display value="Установление диагноза"/><property><code value="ID"/><valueString value="2"/></property><property><code value="NAME"/><valueString value="Установление диагноза"/></property></concept><concept><code value="3"/><display value="Определение (медицинского) прогноза"/><property><code value="ID"/><valueString value="3"/></property><property><code value="NAME"/><valueString value="Определение (медицинского) прогноза"/></property></concept><concept><code value="4"/><display value="Определение тактики медицинского обследования"/><property><code value="ID"/><valueString value="4"/></property><property><code value="NAME"/><valueString value="Определение тактики медицинского обследования"/></property></concept><concept><code value="5"/><display value="Определение тактики лечения"/><property><code value="ID"/><valueString value="5"/></property><property><code value="NAME"/><valueString value="Определение тактики лечения"/></property></concept><concept><code value="6"/><display value="Определение целесообразности направления в специализированные отделения медицинской организации"/><property><code value="ID"/><valueString value="6"/></property><property><code value="NAME"/><valueString value="Определение целесообразности направления в специализированные отделения медицинской организации"/></property></concept><concept><code value="7"/><display value="Определение целесообразности направления в другую медицинскую организацию"/><property><code value="ID"/><valueString value="7"/></property><property><code value="NAME"/><valueString value="Определение целесообразности направления в другую медицинскую организацию"/></property></concept><concept><code value="8"/><display value="Установление диагноза смерти мозга"/><property><code value="ID"/><valueString value="8"/></property><property><code value="NAME"/><valueString value="Установление диагноза смерти мозга"/></property></concept><concept><code value="9"/><display value="Решение о медицинском вмешательстве без согласия гражданина"/><property><code value="ID"/><valueString value="9"/></property><property><code value="NAME"/><valueString value="Решение о медицинском вмешательстве без согласия гражданина"/></property></concept><concept><code value="10"/><display value="Решение по иным медицинским вопросам / решение иных вопросов"/><property><code value="ID"/><valueString value="10"/></property><property><code value="NAME"/><valueString value="Решение по иным медицинским вопросам / решение иных вопросов"/></property></concept><concept><code value="11"/><display value="Решение об оказания паллиативной медицинской помощи взрослым"/><property><code value="ID"/><valueString value="11"/></property><property><code value="NAME"/><valueString value="Решение об оказания паллиативной медицинской помощи взрослым"/></property></concept><concept><code value="12"/><display value="Медицинский отбор и направление на санаторно-курортное лечение"/><property><code value="ID"/><valueString value="12"/></property><property><code value="NAME"/><valueString value="Медицинский отбор и направление на санаторно-курортное лечение"/></property></concept><concept><code value="13"/><display value="Экспертиза временной нетрудоспособности"/><property><code value="ID"/><valueString value="13"/></property><property><code value="NAME"/><valueString value="Экспертиза временной нетрудоспособности"/></property></concept><concept><code value="14"/><display value="Экспертиза профессиональной пригодности и связи заболевания с профессией"/><property><code value="ID"/><valueString value="14"/></property><property><code value="NAME"/><valueString value="Экспертиза профессиональной пригодности и связи заболевания с профессией"/></property></concept><concept><code value="15"/><display value="Назначение и применение лекарственных препаратов, в том числе не входящих в соответствующий стандарт медицинской помощи или не предусмотренных соответствующей клинической рекомендацией"/><property><code value="ID"/><valueString value="15"/></property><property><code value="NAME"/><valueString value="Назначение и применение лекарственных препаратов, в том числе не входящих в соответствующий стандарт медицинской помощи или не предусмотренных соответствующей клинической рекомендацией"/></property></concept><concept><code value="16"/><display value="Назначение и применение медицинских изделий, в том числе не входящих в соответствующий стандарт медицинской помощи или не предусмотренных соответствующей клинической рекомендацией"/><property><code value="ID"/><valueString value="16"/></property><property><code value="NAME"/><valueString value="Назначение и применение медицинских изделий, в том числе не входящих в соответствующий стандарт медицинской помощи или не предусмотренных соответствующей клинической рекомендацией"/></property></concept><concept><code value="17"/><display value="Назначение и применение специализированных продуктов лечебного питания, в том числе не входящих в соответствующий стандарт медицинской помощи или не предусмотренных соответствующей клинической рекомендацией"/><property><code value="ID"/><valueString value="17"/></property><property><code value="NAME"/><valueString value="Назначение и применение специализированных продуктов лечебного питания, в том числе не входящих в соответствующий стандарт медицинской помощи или не предусмотренных соответствующей клинической рекомендацией"/></property></concept><concept><code value="18"/><display value="Заключение о необходимости трансплантации органа и (или) ткани и о включении пациента в лист ожидания трансплантации трупного органа и (или) ткани"/><property><code value="ID"/><valueString value="18"/></property><property><code value="NAME"/><valueString value="Заключение о необходимости трансплантации органа и (или) ткани и о включении пациента в лист ожидания трансплантации трупного органа и (или) ткани"/></property></concept><concept><code value="19"/><display value="Заключение о необходимости трансплантации костного мозга или гемопоэтических стволовых клеток"/><property><code value="ID"/><valueString value="19"/></property><property><code value="NAME"/><valueString value="Заключение о необходимости трансплантации костного мозга или гемопоэтических стволовых клеток"/></property></concept><concept><code value="20"/><display value="Решение об изъятии органов и тканей для трансплантации (пересадки) у живого донора"/><property><code value="ID"/><valueString value="20"/></property><property><code value="NAME"/><valueString value="Решение об изъятии органов и тканей для трансплантации (пересадки) у живого донора"/></property></concept><concept><code value="21"/><display value="Отбор пациентов на оказание высокотехнологичной медицинской помощи"/><property><code value="ID"/><valueString value="21"/></property><property><code value="NAME"/><valueString value="Отбор пациентов на оказание высокотехнологичной медицинской помощи"/></property></concept><concept><code value="22"/><display value="Отбор пациентов на медицинскую реабилитацию"/><property><code value="ID"/><valueString value="22"/></property><property><code value="NAME"/><valueString value="Отбор пациентов на медицинскую реабилитацию"/></property></concept><concept><code value="23"/><display value="Определение нуждаемости ветерана в обеспечении протезами (кроме зубных протезов), протезно-ортопедическими изделиями"/><property><code value="ID"/><valueString value="23"/></property><property><code value="NAME"/><valueString value="Определение нуждаемости ветерана в обеспечении протезами (кроме зубных протезов), протезно-ортопедическими изделиями"/></property></concept><concept><code value="24"/><display value="Рассмотрение врачебной комиссией федерального учреждения здравоохранения медицинских документов отдельных категорий граждан  для решения вопроса о внеочередном оказании им медицинской помощи"/><property><code value="ID"/><valueString value="24"/></property><property><code value="NAME"/><valueString value="Рассмотрение врачебной комиссией федерального учреждения здравоохранения медицинских документов отдельных категорий граждан  для решения вопроса о внеочередном оказании им медицинской помощи"/></property></concept><concept><code value="25"/><display value="Изменение тактики лечения"/><property><code value="ID"/><valueString value="25"/></property><property><code value="NAME"/><valueString value="Изменение тактики лечения"/></property></concept><concept><code value="26"/><display value="Определение целесообразности госпитализации"/><property><code value="ID"/><valueString value="26"/></property><property><code value="NAME"/><valueString value="Определение целесообразности госпитализации"/></property></concept></CodeSystem>