{
  "resourceType": "Bundle",
  "id": "Instance-miramedix-mosreg-bundle-request-access",
  "meta": {
    "profile": [
      "http://miramedix.ru/fhir/StructureDefinition/miramedix-mosreg-bundle-request-access"
    ]
  },
  "type": "collection",
  "entry": [
    {
      "fullUrl": "urn:uuid:f4190464-7b4f-4692-a909-28f846fe185e",
      "resource": {
        "resourceType": "Patient",
        "id": "Instance-patient-Konstantinopolskaya",
        "meta": {
          "profile": [
            "http://miramedix.ru/fhir/StructureDefinition/miramedix-mosreg-patient"
          ]
        },
        "text": {
          "status": "generated",
          "div": "<div xmlns=\"http://www.w3.org/1999/xhtml\"><p><b>Generated Narrative</b></p><p><b>identifier</b>: Medical record number: SK00141130 (USUAL), СНИЛС: 123-456-789 09 (OFFICIAL), Полис ОМС старого образца: 777777 7777777777 (OFFICIAL)</p><p><b>name</b>: Анна Вероника Мамед кызы Константинопольская (OFFICIAL)</p><p><b>telecom</b>: <a href=\"tel:+7(901)555-55-52\">+7 (901) 555-55-52</a>, <a href=\"mailto:email@example.com\">email@example.com</a></p><p><b>gender</b>: female</p><p><b>birthDate</b>: 1989-09-10</p><p><b>address</b>: </p><ul><li>Пущино, микрорайон АБ, дом 3, корпус 2, квартира 136-137(HOME)</li><li>г Москва, ул Красноказарменная, д 1, кв 1(TEMP)</li></ul></div>"
        },
        "identifier": [
          {
            "use": "usual",
            "type": {
              "coding": [
                {
                  "system": "http://terminology.hl7.org/CodeSystem/v2-0203",
                  "code": "MR",
                  "display": "Medical record number"
                }
              ]
            },
            "system": "urn:oid:1.2.643.100.3",
            "value": "SK00141130"
          },
          {
            "use": "official",
            "type": {
              "coding": [
                {
                  "system": "http://miramedix.ru/fhir/CodeSystem/miramedix-cs-identifier-type",
                  "code": "snils",
                  "display": "СНИЛС"
                }
              ]
            },
            "system": "urn:oid:1.2.643.100.3",
            "value": "123-456-789 09"
          },
          {
            "use": "official",
            "type": {
              "coding": [
                {
                  "system": "https://nsi.rosminzdrav.ru/#!/refbook/1.2.643.5.1.13.13.11.1035",
                  "code": "1",
                  "display": "Полис ОМС старого образца"
                }
              ]
            },
            "system": "urn:oid:1.2.643.5.1.13.13.11.1035:1",
            "value": "777777 7777777777",
            "assigner": {
              "identifier": {
                "system": "urn:oid:1.2.643.5.1.13.13.99.2.183:SMOCOD",
                "value": "77008"
              },
              "display": "ООО \"СМК РЕСО-Мед\""
            }
          }
        ],
        "name": [
          {
            "use": "official",
            "family": "Константинопольская",
            "given": [
              "Анна Вероника",
              "Мамед кызы"
            ]
          }
        ],
        "telecom": [
          {
            "system": "phone",
            "value": "+7 (901) 555-55-52",
            "rank": 1
          },
          {
            "system": "email",
            "value": "email@example.com",
            "rank": 1
          }
        ],
        "gender": "female",
        "_gender": {
          "extension": [
            {
              "url": "http://miramedix.ru/fhir/Extension/miramedix-ex-nsi-gender",
              "valueCoding": {
                "system": "https://nsi.rosminzdrav.ru/#!/refbook/1.2.643.5.1.13.13.11.1040",
                "version": "2.1",
                "code": "2",
                "display": "Женский"
              }
            }
          ]
        },
        "birthDate": "1989-09-10",
        "address": [
          {
            "use": "home",
            "text": "Пущино, микрорайон АБ, дом 3, корпус 2, квартира 136-137",
            "city": "город Пущино",
            "district": "Серпуховской район",
            "state": "50",
            "postalCode": "142280"
          },
          {
            "use": "temp",
            "text": "г Москва, ул Красноказарменная, д 1, кв 1",
            "city": "город Москва",
            "district": "район Лефортово",
            "state": "77",
            "postalCode": "111024"
          }
        ]
      }
    },
    {
      "fullUrl": "urn:uuid:4296a5aa-2001-4e6f-9936-99a39f1a783c",
      "resource": {
        "resourceType": "Condition",
        "id": "Instance-miramedix-condition-diag-main-1",
        "meta": {
          "profile": [
            "http://miramedix.ru/fhir/StructureDefinition/miramedix-mosreg-condition-diag-main"
          ]
        },
        "text": {
          "status": "additional",
          "div": "<div xmlns=\"http://www.w3.org/1999/xhtml\"><p>Внутрипротоковая папиллярная аденокарцинома с инвазией нижневнутреннего квадранта молочной железы. Стадия IVa; pT3N1M1. ER-статус отрицательный; PR-статус отрицательный; HER2-статус положительный 3+; Ki-67 высокий. Мутации генов BRCA 1/2 не обнаружены</p></div>"
        },
        "identifier": [
          {
            "system": "urn:mosreg:entity:condition",
            "value": "d34c35ab-4c2e-4c6e-9f42-a7879d47dcd5"
          }
        ],
        "category": [
          {
            "coding": [
              {
                "system": "https://nsi.rosminzdrav.ru/#!/refbook/1.2.643.5.1.13.13.11.1077",
                "code": "1",
                "display": "Основное заболевание"
              }
            ]
          }
        ],
        "code": {
          "coding": [
            {
              "system": "https://nsi.rosminzdrav.ru/#!/refbook/1.2.643.5.1.13.13.11.1005",
              "code": "C50.3",
              "display": "Злокачественное новообразование нижневнутреннего квадранта молочной железы"
            }
          ]
        },
        "subject": {
          "identifier": {
            "system": "urn:oid:1.2.643.100.3",
            "value": "123-456-789 09"
          }
        }
      }
    },
    {
      "fullUrl": "urn:uuid:4445e3b4-d06b-4388-8c83-8a8e23539ec6",
      "resource": {
        "resourceType": "Observation",
        "id": "Instance-miramedix-mosreg-observation-diag-main-anamnesis-1",
        "meta": {
          "profile": [
            "http://miramedix.ru/fhir/StructureDefinition/miramedix-mosreg-observation-diag-main-anamnesis"
          ]
        },
        "text": {
          "status": "generated",
          "div": "<div xmlns=\"http://www.w3.org/1999/xhtml\"><p><b>Generated Narrative</b></p><p><b>status</b>: preliminary</p><p><b>code</b>: <span title=\"Codes: {http://miramedix.ru/fhir/CodeSystem/entity-type anamnesis-morbi}\">Анамнез заболевания</span></p><p><b>subject</b>: <span></span></p><p><b>effective</b>: 01.02.2021 13:19:27</p><p><b>value</b>: Считает себя больным с осени 2011 г., когда впервые после еды появились ноющие боли в эпигастральной области, изжога. К врачу не обращался, самостоятельно соблюдал диету, при изжоге принимал соду.\n Через неделю после приема алкоголя возобновились боли в эпигастральной\n области, изжога, горечь во рту. Обратился к врачу-гастроэнтерологу\n в поликлинике. Обследован (фиброгастродуоденоскопия – язвенная болезнь\n 12-перстной кишки) и направлен на стационарное лечение во 2-ю ГКБ. После стационарного лечения с выздоровлением был выписан\n в удовлетворительном состоянии. На протяжении последних двух лет\n соблюдал диету, принимал альмагель, де-нол. С 2013 года ежегодно в осенний\n период проходит курс стационарного лечения по поводу обострения язвенной болезни 12-перстной кишки. Последнее ухудшение наступило в октябре 2015 г., когда после систематических физических и нервно-психических нагрузок усилились боли в эпигастральной области, сопровождающиеся изжогой; повысилась утомляемость, снизилась работоспособность, появился жидкий, неоформленный черный стул. После обращения\n к врачу в поликлинику по месту жительства был проконсультирован хирургом, вызвана машина скорой и неотложной помощи, и больной с диагнозом острое желудочно-кишечное кровотечение на фоне язвенной болезни 12-перстной кишки направлен в хирургическое отделение 2-й ХГКБ.</p></div>"
        },
        "status": "preliminary",
        "code": {
          "coding": [
            {
              "system": "http://miramedix.ru/fhir/CodeSystem/entity-type",
              "code": "anamnesis-morbi",
              "display": "Анамнез заболевания"
            }
          ]
        },
        "subject": {
          "identifier": {
            "system": "urn:oid:1.2.643.100.3",
            "value": "123-456-789 09"
          }
        },
        "effectiveDateTime": "2021-02-01T10:19:27.585Z",
        "valueString": "Считает себя больным с осени 2011 г., когда впервые после еды появились ноющие боли в эпигастральной области, изжога. К врачу не обращался, самостоятельно соблюдал диету, при изжоге принимал соду.\n Через неделю после приема алкоголя возобновились боли в эпигастральной\n области, изжога, горечь во рту. Обратился к врачу-гастроэнтерологу\n в поликлинике. Обследован (фиброгастродуоденоскопия – язвенная болезнь\n 12-перстной кишки) и направлен на стационарное лечение во 2-ю ГКБ. После стационарного лечения с выздоровлением был выписан\n в удовлетворительном состоянии. На протяжении последних двух лет\n соблюдал диету, принимал альмагель, де-нол. С 2013 года ежегодно в осенний\n период проходит курс стационарного лечения по поводу обострения язвенной болезни 12-перстной кишки. Последнее ухудшение наступило в октябре 2015 г., когда после систематических физических и нервно-психических нагрузок усилились боли в эпигастральной области, сопровождающиеся изжогой; повысилась утомляемость, снизилась работоспособность, появился жидкий, неоформленный черный стул. После обращения\n к врачу в поликлинику по месту жительства был проконсультирован хирургом, вызвана машина скорой и неотложной помощи, и больной с диагнозом острое желудочно-кишечное кровотечение на фоне язвенной болезни 12-перстной кишки направлен в хирургическое отделение 2-й ХГКБ."
      }
    },
    {
      "fullUrl": "urn:uuid:5aa1e1bf-c04e-4c25-843f-d24f76b91492",
      "resource": {
        "resourceType": "ServiceRequest",
        "id": "Instance-miramedix-mosreg-servicerequest-1",
        "meta": {
          "profile": [
            "http://miramedix.ru/fhir/StructureDefinition/miramedix-mosreg-servicerequest"
          ]
        },
        "text": {
          "status": "generated",
          "div": "<div xmlns=\"http://www.w3.org/1999/xhtml\"><p><b>Generated Narrative</b></p><p><b>status</b>: draft</p><p><b>intent</b>: proposal</p><p><b>subject</b>: <span></span></p><p><b>authoredOn</b>: 23.09.2021 19:47:20</p><p><b>reasonCode</b>: <span title=\"Codes: {https://nsi.rosminzdrav.ru/#!/refbook/1.2.643.5.1.13.13.11.1506 5}\">Определение тактики лечения</span></p></div>"
        },
        "status": "draft",
        "intent": "proposal",
        "subject": {
          "identifier": {
            "system": "urn:oid:1.2.643.100.3",
            "value": "123-456-789 09"
          }
        },
        "authoredOn": "2021-09-23T16:47:20.781Z",
        "reasonCode": [
          {
            "coding": [
              {
                "system": "https://nsi.rosminzdrav.ru/#!/refbook/1.2.643.5.1.13.13.11.1506",
                "code": "5",
                "display": "Определение тактики лечения"
              }
            ],
            "text": "Определение тактики лечения"
          }
        ]
      }
    }
  ]
}