{
  "resourceType": "Bundle",
  "id": "Instance-miramedix-mosreg-bundle-notify-1",
  "meta": {
    "profile": [
      "http://miramedix.ru/fhir/StructureDefinition/miramedix-mosreg-bundle-notify"
    ]
  },
  "type": "collection",
  "entry": [
    {
      "fullUrl": "urn:uuid:fbbd9cdb-5114-49af-82bd-8f08592f4259",
      "resource": {
        "resourceType": "MessageHeader",
        "id": "fbbd9cdb-5114-49af-82bd-8f08592f4259",
        "meta": {
          "profile": [
            "http://miramedix.ru/fhir/StructureDefinition/miramedix-mosreg-messageheader-notify"
          ]
        },
        "text": {
          "status": "generated",
          "div": "<div xmlns=\"http://www.w3.org/1999/xhtml\"><p><b>Generated Narrative</b></p><p><b>event</b>: <span title=\"{http://miramedix.ru/fhir/CodeSystem/miramedix-cs-event-type protocol-oc-ready}\">Протокол ОК готов для скачивания</span></p><h3>Destinations</h3><table class=\"grid\"><tr><td>-</td><td><b>Name</b></td><td><b>Endpoint</b></td></tr><tr><td>*</td><td>МИС</td><td><a href=\"https://softrust.ru/\">https://softrust.ru/</a></td></tr></table><h3>Sources</h3><table class=\"grid\"><tr><td>-</td><td><b>Name</b></td><td><b>Endpoint</b></td></tr><tr><td>*</td><td>Сервис ОК</td><td><a href=\"https://miramedix.ru/\">https://miramedix.ru/</a></td></tr></table><p><b>focus</b>: <a href=\"#DocumentManifest_f4309c2e-1800-43ac-85d6-1f026432efd3\">See above (DocumentManifest/f4309c2e-1800-43ac-85d6-1f026432efd3)</a></p></div>"
        },
        "eventCoding": {
          "system": "http://miramedix.ru/fhir/CodeSystem/miramedix-cs-event-type",
          "code": "protocol-oc-ready",
          "display": "Протокол ОК готов для скачивания"
        },
        "destination": [
          {
            "name": "МИС",
            "endpoint": "https://softrust.ru/"
          }
        ],
        "source": {
          "name": "Сервис ОК",
          "endpoint": "https://miramedix.ru/"
        },
        "focus": [
          {
            "reference": "DocumentManifest/f4309c2e-1800-43ac-85d6-1f026432efd3"
          }
        ]
      }
    },
    {
      "fullUrl": "urn:uuid:f4309c2e-1800-43ac-85d6-1f026432efd3",
      "resource": {
        "resourceType": "DocumentManifest",
        "id": "f4309c2e-1800-43ac-85d6-1f026432efd3",
        "meta": {
          "profile": [
            "http://miramedix.ru/fhir/StructureDefinition/miramedix-mosreg-documentmanifest"
          ]
        },
        "text": {
          "status": "generated",
          "div": "<div xmlns=\"http://www.w3.org/1999/xhtml\"><p><b>Generated Narrative</b></p><p><b>status</b>: current</p><p><b>subject</b>: <span></span></p><p><b>content</b>: </p><ul><li><a href=\"06c621d4-19ae-4804-8019-4e3b93497e98\">Протокол онкологического консилиума [PDF]</a></li><li><a href=\"cb1756a3-8bf6-4c47-b098-8778c31d237f\">Протокол онкологического консилиума [FHIR]</a></li></ul></div>"
        },
        "status": "current",
        "subject": {
          "identifier": {
            "system": "urn:oid:1.2.643.100.3",
            "value": "123-456-789 09"
          }
        },
        "content": [
          {
            "reference": "06c621d4-19ae-4804-8019-4e3b93497e98",
            "type": "DocumentReference",
            "display": "Протокол онкологического консилиума [PDF]"
          },
          {
            "reference": "cb1756a3-8bf6-4c47-b098-8778c31d237f",
            "type": "Composition",
            "display": "Протокол онкологического консилиума [FHIR]"
          }
        ]
      }
    }
  ]
}