{
  "resourceType": "Bundle",
  "id": "Instance-miramedix-mosreg-bundle-auth",
  "meta": {
    "profile": [
      "http://miramedix.ru/fhir/StructureDefinition/miramedix-mosreg-bundle-auth"
    ]
  },
  "type": "collection",
  "entry": [
    {
      "fullUrl": "urn:uuid:c0c138ee-c39c-4710-b849-fd0ae1589106",
      "resource": {
        "resourceType": "Practitioner",
        "id": "Instance-practitioner-Adamov",
        "meta": {
          "profile": [
            "http://miramedix.ru/fhir/StructureDefinition/miramedix-mosreg-practitioner"
          ]
        },
        "text": {
          "status": "generated",
          "div": "<div xmlns=\"http://www.w3.org/1999/xhtml\"><p><b>Generated Narrative</b></p><p><b>identifier</b>: Employee number: 123 (USUAL), Логин сотрудника: adamovaa@org.ru (USUAL), СНИЛС: 261-698-042-95 (OFFICIAL)</p><p><b>name</b>: Адам Адамович Адамов (OFFICIAL)</p><p><b>telecom</b>: <a href=\"tel:+7(902)666-55-33\">+7 (902) 666-55-33</a></p><p><b>gender</b>: male</p><p><b>birthDate</b>: 1970-01-01</p></div>"
        },
        "identifier": [
          {
            "use": "usual",
            "type": {
              "coding": [
                {
                  "system": "http://terminology.hl7.org/CodeSystem/v2-0203",
                  "code": "EI",
                  "display": "Employee number"
                }
              ]
            },
            "system": "urn:mosreg:entity:practitioner",
            "value": "123"
          },
          {
            "use": "usual",
            "type": {
              "coding": [
                {
                  "system": "http://miramedix.ru/fhir/CodeSystem/miramedix-cs-identifier-type",
                  "code": "employee-login",
                  "display": "Логин сотрудника"
                }
              ]
            },
            "system": "urn:mosreg:identifier:user:id",
            "value": "adamovaa@org.ru"
          },
          {
            "use": "official",
            "type": {
              "coding": [
                {
                  "system": "http://miramedix.ru/fhir/CodeSystem/miramedix-cs-identifier-type",
                  "code": "snils",
                  "display": "СНИЛС"
                }
              ]
            },
            "system": "urn:oid:1.2.643.100.3",
            "value": "261-698-042-95"
          }
        ],
        "name": [
          {
            "use": "official",
            "family": "Адамов",
            "given": [
              "Адам",
              "Адамович"
            ]
          }
        ],
        "telecom": [
          {
            "system": "phone",
            "value": "+7 (902) 666-55-33"
          }
        ],
        "gender": "male",
        "_gender": {
          "extension": [
            {
              "url": "http://miramedix.ru/fhir/Extension/miramedix-ex-nsi-gender",
              "valueCoding": {
                "system": "https://nsi.rosminzdrav.ru/#!/refbook/1.2.643.5.1.13.13.11.1040",
                "version": "2.1",
                "code": "1",
                "display": "Мужской"
              }
            }
          ]
        },
        "birthDate": "1970-01-01"
      }
    },
    {
      "fullUrl": "urn:uuid:6bf46875-6d1f-4f23-b440-64ccd6623ed3",
      "resource": {
        "resourceType": "PractitionerRole",
        "id": "Instance-practitionerrole-Oncologist",
        "meta": {
          "profile": [
            "http://miramedix.ru/fhir/StructureDefinition/miramedix-mosreg-practitionerrole"
          ]
        },
        "text": {
          "status": "generated",
          "div": "<div xmlns=\"http://www.w3.org/1999/xhtml\"><p><b>Generated Narrative</b></p><p><b>identifier</b>: id: 914c0410-959f-49d6-b99b-9d7a9d285c11</p><p><b>practitioner</b>: <span></span></p><p><b>organization</b>: <span></span></p><p><b>code</b>: <span title=\"Codes: {https://nsi.rosminzdrav.ru/#!/refbook/1.2.643.5.1.13.13.11.1002 50}\">врач-онколог</span></p><p><b>specialty</b>: <span title=\"Codes: {https://nsi.rosminzdrav.ru/#!/refbook/1.2.643.5.1.13.13.11.1066 17}\">Онкология</span></p></div>"
        },
        "identifier": [
          {
            "system": "urn:mosreg:entity:practitionerrole",
            "value": "914c0410-959f-49d6-b99b-9d7a9d285c11"
          }
        ],
        "practitioner": {
          "identifier": {
            "system": "urn:mosreg:entity:practitioner",
            "value": "123"
          }
        },
        "organization": {
          "identifier": {
            "system": "urn:ietf:rfc:3986",
            "value": "urn:oid:1.2.643.5.1.13.13.12.2.50.11329"
          }
        },
        "code": [
          {
            "coding": [
              {
                "system": "https://nsi.rosminzdrav.ru/#!/refbook/1.2.643.5.1.13.13.11.1002",
                "code": "50",
                "display": "врач-онколог"
              }
            ]
          }
        ],
        "specialty": [
          {
            "coding": [
              {
                "system": "https://nsi.rosminzdrav.ru/#!/refbook/1.2.643.5.1.13.13.11.1066",
                "code": "17",
                "display": "Онкология"
              }
            ]
          }
        ]
      }
    },
    {
      "fullUrl": "urn:uuid:6873053d-d859-4ef2-a013-17a6fa1803f2",
      "resource": {
        "resourceType": "Organization",
        "id": "Instance-organization-division-LOB-CAOP",
        "meta": {
          "profile": [
            "http://miramedix.ru/fhir/StructureDefinition/miramedix-mosreg-organization-division"
          ]
        },
        "text": {
          "status": "generated",
          "div": "<div xmlns=\"http://www.w3.org/1999/xhtml\"><p><b>Generated Narrative</b></p><p><b>identifier</b>: id: urn:oid:1.2.643.5.1.13.13.12.2.50.11329.0.437329</p><p><b>name</b>: Центр амбулаторной онкологической помощи</p><p><b>address</b>: 142280, г. Люберцы, улица Назарова, д. 3</p><p><b>partOf</b>: <span></span></p></div>"
        },
        "identifier": [
          {
            "system": "urn:ietf:rfc:3986",
            "value": "urn:oid:1.2.643.5.1.13.13.12.2.50.11329.0.437329"
          }
        ],
        "name": "Центр амбулаторной онкологической помощи",
        "address": [
          {
            "text": "142280, г. Люберцы, улица Назарова, д. 3",
            "city": "город Пущино",
            "district": "Серпуховской район",
            "state": "50",
            "postalCode": "142280"
          }
        ],
        "partOf": {
          "identifier": {
            "system": "urn:ietf:rfc:3986",
            "value": "urn:oid:1.2.643.5.1.13.13.12.2.50.11329"
          }
        }
      }
    },
    {
      "fullUrl": "urn:uuid:b8f3071b-1537-40a9-b092-044bdaf69b62",
      "resource": {
        "resourceType": "Organization",
        "id": "Instance-organization-LOB",
        "meta": {
          "profile": [
            "http://miramedix.ru/fhir/StructureDefinition/miramedix-mosreg-organization"
          ]
        },
        "text": {
          "status": "generated",
          "div": "<div xmlns=\"http://www.w3.org/1999/xhtml\"><p><b>Generated Narrative</b></p><p><b>identifier</b>: id: urn:oid:1.2.643.5.1.13.13.12.2.50.11329, id: 1195027016480</p><p><b>name</b>: ГОСУДАРСТВЕННОЕ БЮДЖЕТНОЕ УЧРЕЖДЕНИЕ ЗДРАВООХРАНЕНИЯ МОСКОВСКОЙ ОБЛАСТИ \"ЛЮБЕРЕЦКАЯ ОБЛАСТНАЯ БОЛЬНИЦА\"</p><p><b>address</b>: 140006, Московская область, г.Люберцы, Октябрьский проспект, д.338</p></div>"
        },
        "identifier": [
          {
            "system": "urn:ietf:rfc:3986",
            "value": "urn:oid:1.2.643.5.1.13.13.12.2.50.11329"
          },
          {
            "system": "urn:oid:1.2.643.100.1",
            "value": "1195027016480"
          }
        ],
        "name": "ГОСУДАРСТВЕННОЕ БЮДЖЕТНОЕ УЧРЕЖДЕНИЕ ЗДРАВООХРАНЕНИЯ МОСКОВСКОЙ ОБЛАСТИ \"ЛЮБЕРЕЦКАЯ ОБЛАСТНАЯ БОЛЬНИЦА\"",
        "address": [
          {
            "text": "140006, Московская область, г.Люберцы, Октябрьский проспект, д.338",
            "city": "г. Люберцы",
            "district": "городской округ Люберцы",
            "state": "50",
            "postalCode": "140006"
          }
        ]
      }
    }
  ]
}