{
  "resourceType": "CodeSystem",
  "id": "nsi-cs-1-2-643-5-1-13-13-11-1035",
  "text": {
    "status": "generated",
    "div": "<div xmlns=\"http://www.w3.org/1999/xhtml\"><p>This code system https://nsi.rosminzdrav.ru/#!/refbook/1.2.643.5.1.13.13.11.1035 defines the following codes:</p><table class=\"codes\"><tr><td style=\"white-space:nowrap\"><b>Code</b></td><td><b>Display</b></td></tr><tr><td style=\"white-space:nowrap\">1<a name=\"nsi-cs-1-2-643-5-1-13-13-11-1035-1\"> </a></td><td>Полис ОМС старого образца</td></tr><tr><td style=\"white-space:nowrap\">2<a name=\"nsi-cs-1-2-643-5-1-13-13-11-1035-2\"> </a></td><td>Полис ОМС единого образца, бессрочный</td></tr><tr><td style=\"white-space:nowrap\">3<a name=\"nsi-cs-1-2-643-5-1-13-13-11-1035-3\"> </a></td><td>Полис ОМС единого образца, со сроком действия</td></tr><tr><td style=\"white-space:nowrap\">4<a name=\"nsi-cs-1-2-643-5-1-13-13-11-1035-4\"> </a></td><td>Временное свидетельство</td></tr></table></div>"
  },
  "url": "https://nsi.rosminzdrav.ru/#!/refbook/1.2.643.5.1.13.13.11.1035",
  "identifier": [
    {
      "system": "urn:ietf:rfc:3986",
      "value": "urn:oid:1.2.643.5.1.13.13.11.1035"
    }
  ],
  "version": "1.3",
  "name": "Nsi_cs_1_2_643_5_1_13_13_11_1035",
  "title": "Виды полиса обязательного медицинского страхования",
  "status": "active",
  "date": "2021-10-20T13:42:04+03:00",
  "contact": [
    {
      "name": "см. паспорт справочника на ФНСИ",
      "telecom": [
        {
          "system": "email",
          "value": "см. паспорт справочника на ФНСИ"
        }
      ]
    }
  ],
  "description": "Справочник ФНСИ:  \n'Виды полиса обязательного медицинского страхования'  \nверсия '1.3'  \n[1.2.643.5.1.13.13.11.1035](https://nsi.rosminzdrav.ru/#!/refbook/1.2.643.5.1.13.13.11.1035/version/1.3)",
  "content": "complete",
  "count": 4,
  "concept": [
    {
      "code": "1",
      "display": "Полис ОМС старого образца"
    },
    {
      "code": "2",
      "display": "Полис ОМС единого образца, бессрочный"
    },
    {
      "code": "3",
      "display": "Полис ОМС единого образца, со сроком действия"
    },
    {
      "code": "4",
      "display": "Временное свидетельство"
    }
  ]
}