{
  "resourceType": "Endpoint",
  "id": "Instance-miramedix-mosreg-endpoint-accesspoint",
  "meta": {
    "profile": [
      "http://miramedix.ru/fhir/StructureDefinition/miramedix-mosreg-endpoint-accesspoint"
    ]
  },
  "text": {
    "status": "generated",
    "div": "<div xmlns=\"http://www.w3.org/1999/xhtml\"><p><b>Generated Narrative</b></p><p><b>status</b>: active</p><p><b>connectionType</b>: <span title=\"{null HTTPS}\">HTTPS</span></p><p><b>payloadType</b>: <span title=\"Codes: \">HTML</span></p><p><b>address</b>: <code>[base]/auth?context_id=1e105335-92b0-49c7-bc10-c23aad9a0338</code></p></div>"
  },
  "status": "active",
  "connectionType": {
    "code": "HTTPS"
  },
  "payloadType": [
    {
      "coding": [
        {
          "code": "HTML"
        }
      ]
    }
  ],
  "address": "[base]/auth?context_id=1e105335-92b0-49c7-bc10-c23aad9a0338"
}