{
  "resourceType": "ServiceRequest",
  "id": "Instance-miramedix-mosreg-servicerequest-1",
  "meta": {
    "profile": [
      "http://miramedix.ru/fhir/StructureDefinition/miramedix-mosreg-servicerequest"
    ]
  },
  "text": {
    "status": "generated",
    "div": "<div xmlns=\"http://www.w3.org/1999/xhtml\"><p><b>Generated Narrative</b></p><p><b>status</b>: draft</p><p><b>intent</b>: proposal</p><p><b>subject</b>: <span></span></p><p><b>authoredOn</b>: 23.09.2021 19:47:20</p><p><b>reasonCode</b>: <span title=\"Codes: {https://nsi.rosminzdrav.ru/#!/refbook/1.2.643.5.1.13.13.11.1506 5}\">Определение тактики лечения</span></p></div>"
  },
  "status": "draft",
  "intent": "proposal",
  "subject": {
    "identifier": {
      "system": "urn:oid:1.2.643.100.3",
      "value": "123-456-789 09"
    }
  },
  "authoredOn": "2021-09-23T16:47:20.781Z",
  "reasonCode": [
    {
      "coding": [
        {
          "system": "https://nsi.rosminzdrav.ru/#!/refbook/1.2.643.5.1.13.13.11.1506",
          "code": "5",
          "display": "Определение тактики лечения"
        }
      ],
      "text": "Определение тактики лечения"
    }
  ]
}