{
  "resourceType": "ValueSet",
  "id": "miramedix-vs-patient-identifier-type",
  "text": {
    "status": "extensions",
    "div": "<div xmlns=\"http://www.w3.org/1999/xhtml\"><p>This value set includes codes based on the following rules:</p><ul><li>Include these codes as defined in <a href=\"http://terminology.hl7.org/2.1.0/CodeSystem-v2-0203.html\"><code>http://terminology.hl7.org/CodeSystem/v2-0203</code></a><table class=\"none\"><tr><td style=\"white-space:nowrap\"><b>Code</b></td><td><b>Display</b></td><td><b>Definition</b></td></tr><tr><td><a href=\"http://terminology.hl7.org/2.1.0/CodeSystem-v2-0203.html#v2-0203-MR\">MR</a></td><td>Medical record number</td><td>An identifier that is unique to a patient within a set of medical records, not necessarily unique within an application.</td></tr></table></li><li>Include these codes as defined in <a href=\"CodeSystem-miramedix-cs-identifier-type.html\"><code>http://miramedix.ru/fhir/CodeSystem/miramedix-cs-identifier-type</code></a><table class=\"none\"><tr><td style=\"white-space:nowrap\"><b>Code</b></td><td><b>Display</b></td><td><b>Definition</b></td></tr><tr><td><a href=\"CodeSystem-miramedix-cs-identifier-type.html#miramedix-cs-identifier-type-snils\">snils</a></td><td>СНИЛС</td><td>Страховой номер индивидуального лицевого счёта.</td></tr></table></li><li>Include all codes defined in <a href=\"CodeSystem-nsi-cs-1-2-643-5-1-13-13-11-1035.html\"><code>https://nsi.rosminzdrav.ru/#!/refbook/1.2.643.5.1.13.13.11.1035</code></a></li></ul></div>"
  },
  "url": "http://miramedix.ru/fhir/ValueSet/miramedix-vs-patient-identifier-type",
  "version": "0.1.0",
  "name": "Miramedix_vs_patient_identifier_type",
  "title": "Набор значений типов идентификаторов пациентов [Мирамедикс]",
  "status": "active",
  "date": "2021-11-03T16:53:54+03:00",
  "description": "Набор значений для указания типов идентификаторов пациентов для информационной системы Мирамедикс.",
  "compose": {
    "include": [
      {
        "system": "http://terminology.hl7.org/CodeSystem/v2-0203",
        "concept": [
          {
            "code": "MR"
          }
        ]
      },
      {
        "system": "http://miramedix.ru/fhir/CodeSystem/miramedix-cs-identifier-type",
        "concept": [
          {
            "code": "snils"
          }
        ]
      },
      {
        "system": "https://nsi.rosminzdrav.ru/#!/refbook/1.2.643.5.1.13.13.11.1035"
      }
    ]
  }
}