<?xml version="1.0" encoding="UTF-8"?>

<Endpoint xmlns="http://hl7.org/fhir">
  <id value="Instance-miramedix-mosreg-endpoint-accesspoint"/>
  <meta>
    <profile value="http://miramedix.ru/fhir/StructureDefinition/miramedix-mosreg-endpoint-accesspoint"/>
  </meta>
  <text>
    <status value="generated"/><div xmlns="http://www.w3.org/1999/xhtml"><p><b>Generated Narrative</b></p><p><b>status</b>: active</p><p><b>connectionType</b>: <span title="{null HTTPS}">HTTPS</span></p><p><b>payloadType</b>: <span title="Codes: ">HTML</span></p><p><b>address</b>: <a href="http://[base]/auth?context_id=1e105335-92b0-49c7-bc10-c23aad9a0338">http://[base]/auth?context_id=1e105335-92b0-49c7-bc10-c23aad9a0338</a></p></div>
  </text>
  <status value="active"/>
  <connectionType>
    <code value="HTTPS"/>
  </connectionType>
  <payloadType>
    <coding>
      <code value="HTML"/>
    </coding>
  </payloadType>
  <address value="http://[base]/auth?context_id=1e105335-92b0-49c7-bc10-c23aad9a0338"/>
</Endpoint>