<?xml version="1.0" encoding="UTF-8"?>

<Observation xmlns="http://hl7.org/fhir">
  <id value="Instance-miramedix-mosreg-observation-diag-main-anamnesis-1"/>
  <meta>
    <profile value="http://miramedix.ru/fhir/StructureDefinition/miramedix-mosreg-observation-diag-main-anamnesis"/>
  </meta>
  <text>
    <status value="generated"/><div xmlns="http://www.w3.org/1999/xhtml"><p><b>Generated Narrative</b></p><p><b>status</b>: preliminary</p><p><b>code</b>: <span title="Codes: {http://miramedix.ru/fhir/CodeSystem/entity-type anamnesis-morbi}">Анамнез заболевания</span></p><p><b>subject</b>: <span></span></p><p><b>effective</b>: 01.02.2021 13:19:27</p><p><b>value</b>: Считает себя больным с осени 2011 г., когда впервые после еды появились ноющие боли в эпигастральной области, изжога. К врачу не обращался, самостоятельно соблюдал диету, при изжоге принимал соду.
 Через неделю после приема алкоголя возобновились боли в эпигастральной
 области, изжога, горечь во рту. Обратился к врачу-гастроэнтерологу
 в поликлинике. Обследован (фиброгастродуоденоскопия – язвенная болезнь
 12-перстной кишки) и направлен на стационарное лечение во 2-ю ГКБ. После стационарного лечения с выздоровлением был выписан
 в удовлетворительном состоянии. На протяжении последних двух лет
 соблюдал диету, принимал альмагель, де-нол. С 2013 года ежегодно в осенний
 период проходит курс стационарного лечения по поводу обострения язвенной болезни 12-перстной кишки. Последнее ухудшение наступило в октябре 2015 г., когда после систематических физических и нервно-психических нагрузок усилились боли в эпигастральной области, сопровождающиеся изжогой; повысилась утомляемость, снизилась работоспособность, появился жидкий, неоформленный черный стул. После обращения
 к врачу в поликлинику по месту жительства был проконсультирован хирургом, вызвана машина скорой и неотложной помощи, и больной с диагнозом острое желудочно-кишечное кровотечение на фоне язвенной болезни 12-перстной кишки направлен в хирургическое отделение 2-й ХГКБ.</p></div>
  </text>
  <status value="preliminary"/>
  <code>
    <coding>
      <system value="http://miramedix.ru/fhir/CodeSystem/entity-type"/>
      <code value="anamnesis-morbi"/>
      <display value="Анамнез заболевания"/>
    </coding>
  </code>
  <subject>
    <identifier>
      <system value="urn:oid:1.2.643.100.3"/>
      <value value="123-456-789 09"/>
    </identifier>
  </subject>
  <effectiveDateTime value="2021-02-01T10:19:27.585Z"/>
  <valueString value="Считает себя больным с осени 2011 г., когда впервые после еды появились ноющие боли в эпигастральной области, изжога. К врачу не обращался, самостоятельно соблюдал диету, при изжоге принимал соду.&#xA; Через неделю после приема алкоголя возобновились боли в эпигастральной&#xA; области, изжога, горечь во рту. Обратился к врачу-гастроэнтерологу&#xA; в поликлинике. Обследован (фиброгастродуоденоскопия – язвенная болезнь&#xA; 12-перстной кишки) и направлен на стационарное лечение во 2-ю ГКБ. После стационарного лечения с выздоровлением был выписан&#xA; в удовлетворительном состоянии. На протяжении последних двух лет&#xA; соблюдал диету, принимал альмагель, де-нол. С 2013 года ежегодно в осенний&#xA; период проходит курс стационарного лечения по поводу обострения язвенной болезни 12-перстной кишки. Последнее ухудшение наступило в октябре 2015 г., когда после систематических физических и нервно-психических нагрузок усилились боли в эпигастральной области, сопровождающиеся изжогой; повысилась утомляемость, снизилась работоспособность, появился жидкий, неоформленный черный стул. После обращения&#xA; к врачу в поликлинику по месту жительства был проконсультирован хирургом, вызвана машина скорой и неотложной помощи, и больной с диагнозом острое желудочно-кишечное кровотечение на фоне язвенной болезни 12-перстной кишки направлен в хирургическое отделение 2-й ХГКБ."/>
</Observation>